S. No.,Name,Email,Phone No.
1,Navya agarwal,navuu@gmail.com,+91 9681267191
2,Mohd S R khan,md_sr_khan@harrison.com,9488681287
3,Mujeeb khan,mujeeb@hotmail.com,03068 026069
4,Muskan saxena,muskan_saxena@matthews.com,3716942744
5,Nimit agarwal,nimit_agarwal@hotmail.com,+91 459 6993460
6,Nitin budhwar,nitin_budhwar@hotmail.com,+91 8641390681
7,Owais akhtar,owais@ferrell.com,+91 218 6613021
8,Parakh chitkara,chitkara_parakh@smith-ruiz.com,5539299079
9,Piyush kumar,piyush@yahoo.com,047-72910690
10,Pragati tiwari,pragati_tiwari@taylor.net,+91 3159677771
11,Rajat solanki,solanki_bhai@johnson.org,5052956588
12,Rayyan khan,rayyan_khan@parrish.biz,+91 5405898882
13,Ritik agarwal,ritik@brown.com,+91 964 2817236
14,Sajal agarwal,sajal_agg@yahoo.com,+91 717 9455885
15,Sandeep shukla,shuklajii@yahoo.com,02783 792605
16,Shivvam chaudhary,shivam_chaudhary@gmail.com,6621244070
17,Satyam bhatia,satyam_bhatia@yang.net,072-63116036
18,Shiva goyal,shiva_goel@gmail.com,3722127555
19,Shivanshu garg,shivu_maggie@guerrero-jimenez.com,09655 430486
20,Sourav tarafdaar,sourav@gmail.com,3567669718
21,Suruchi rastogi,ca_suru@gmail.com,056-58766762
22,Suyog chauhan,suyog_sipahi@lawrence.biz,+91 403 9888899
23,Tejas saxena,cool_tejas@gmail.com,3924834643
24,Uma agarwal,uma_agarwal@nelson.com,+91 743 6008351
25,Abhinav singh,abhinav@jacobs.com,07027 187437
