sno,date,startupname,citylocation
0,01-08-2018,TouchKin,Bangalore
1,02-08-2018,Ethinos,Mumbai
2,02-08-2018,Leverage Edu,New Delhi
3,02-08-2018,Zepo,Mumbai
4,02-08-2018,Click2Clinic,Hyderabad
5,01-07-2018,Billion Loans,Bangalore
6,03-07-2018,Ecolibriumenergy,Ahmedabad
7,04-07-2018,Droom,Gurgaon
8,05-07-2018,Jumbotail,Bangalore
9,05-07-2018,Moglix,Noida
10,05-07-2018,Timesaverz,Mumbai
11,06-07-2018,Minjar,Bangalore
12,06-07-2018,MyCity4kids,Gurgaon
13,07-07-2018,Clip App,Bangalore
14,07-07-2018,Upwardly.in,Bangalore
15,10-07-2018,Autorox.co,Hyderabad
16,11-07-2018,Fabogo,Pune
17,11-07-2018,Flickstree,Mumbai
18,11-07-2018,Design Cafe,Bangalore
19,12-07-2018,Innoviti,Bangalore
20,12-07-2018,VDeliver,Hyderabad
21,12-07-2018,Bottr.me,Bangalore
22,12-07-2018,Arcatron,Pune
23,14-07-2018,QwikSpec,Bangalore
24,14-07-2018,Chumbak,Bangalore
25,17-07-2018,Increff,Bangalore
26,17-07-2018,Vayana,Pune
27,18-07-2018,MObiquest,Noida
28,18-07-2018,Ambee,Hyderabad
29,18-07-2018,Ideal Insurance,Kolkata
30,18-07-2018,Hypernova Interactive,Bangalore
31,19-07-2018,Rentomojo,Bangalore
32,19-07-2018,AirCTO,Bangalore
33,19-07-2018,Playablo,Bangalore
34,20-07-2018,Trupay,Gurgaon
35,21-07-2018,Brick2Wall,Gurgaon
36,21-07-2018,FableStreet,New Delhi
37,21-07-2018,Monsoon Fintech,New Delhi
38,21-07-2018,MonkeyBox,Bangalore
39,25-07-2018,Noticeboard,Bangalore
40,25-07-2018,Byju’s,Bangalore
41,26-07-2018,Creator’s Gurukul,New Delhi
42,26-07-2018,Fab Hotels,New Delhi
43,26-07-2018,ThinkerBell,Bangalore
44,27-07-2018,1mg,Gurgaon
45,28-07-2018,Jhakaas,Mumbai
46,28-07-2018,BigStylist,Mumbai
47,28-07-2018,Gympik.com,bangalore
48,01-06-2018,Tripeur,Bangalore
49,02-06-2018,RentOnGo,Bangalore
50,05-06-2018,Goomo,Mumbai
51,05-06-2018,MaxMyWealth,Mumbai
52,06-06-2018,Spinny,Gurgaon
53,06-06-2018,Healthbuds,Kolkata
54,06-06-2018,Ftcash,Mumbai
55,06-06-2018,BHIVE Workspace,Bangalore
56,06-06-2018,wayForward,New Delhi
57,06-06-2018,GyanDhan,New Delhi
58,06-06-2018,Hungry Foal,Gurgaon
59,07-06-2018,ZipLoan,New Delhi
60,07-06-2018,GrowFitter,Mumbai
61,08-06-2018,Stratfit,Hyderabad
62,08-06-2018,Multiplier Solutions,Hyderabad
63,08-06-2018,ABI Health,Bangalore
64,08-06-2018,Stockal,Bangalore
65,09-06-2018,Guidoo,Mumbai
66,09-06-2018,eSahai.in,Hyderabad
67,12-06-2018,Loanmeet,Bangalore
68,12-06-2018,LendingKart,Ahmedabad
69,12-06-2018,Boxx.ai,Bangalore
70,12-06-2018,PeeSafe.in,New Delhi
71,12-06-2018,Vista Rooms,Mumbai
72,12-06-2018,CoverFox,Mumbai
73,13-06-2018,HyperTrack,New Delhi
74,13-06-2018,Goodera,Bangalore
75,13-06-2018,Digit,Bangalore
76,14-06-2018,Ola,Bangalore
77,14-06-2018,Vanitycask,Mumbai
78,14-06-2018,MrNeeds,Noida
79,15-06-2018,MoneyTap,Bangalore
80,16-06-2018,Goodbox,Bangalore
81,16-06-2018,Fincash,Mumbai
82,16-06-2018,PortDesk,Noida
83,16-06-2018,EdgeFx,Hyderabad
84,16-06-2018,EazyDiner,Gurgaon
85,16-06-2018,HealthIntel,New Delhi
86,19-06-2018,Unbxd,Bangalore
87,19-06-2018,DarwinBox,Hyderabad
88,20-06-2018,ForeverShop,Bangalore
89,20-06-2018,Insider.in,Mumbai
90,21-06-2018,Fynd,Mumbai
91,21-06-2018,Grow Fit,Bangalore
92,21-06-2018,Fabulyst,Hyderabad
93,21-06-2018,mSwipe,Mumbai
94,21-06-2018,OneAssist,Mumbai
95,22-06-2018,Julia Computing,Bangalore
96,22-06-2018,Kissht,Mumbai
97,22-06-2018,Explore Life traveling,Bangalore
98,23-06-2018,Loantap,Mumbai
99,23-06-2018,Voxweb,Mumbai
100,26-06-2018,HUG Innovations,Hyderabad
101,26-06-2018,Flipkart,Bangalore
102,26-06-2018,V Resorts,Noida
103,27-06-2018,Stashfin,New Delhi
104,27-06-2018,Formcept,Bangalore
105,27-06-2018,Spares Hub,Pune
106,28-06-2018,FiTraQ,New Delhi
107,28-06-2018,Rubique,Mumbai
108,28-06-2018,Niki.ai,Bangalore
109,29-06-2018,Fitpass,New Delhi
110,29-06-2018,ZingHR,Mumbai
111,30-06-2018,Tagos Design,Bangalore
112,30-06-2018,UrbanClap,Gurgaon
113,01-05-2018,Ace2three,Hyderabad
114,01-05-2018,Power2SME,Gurgaon
115,02-05-2018,Innovapptive,Hyderabad
116,02-05-2018,4tigo,Bangalore
117,02-05-2018,SMECorner,Mumbai
118,02-05-2018,ZippServe,Bangalore
119,03-05-2018,Ola,Bangalore
120,03-05-2018,Sumeru,Bangalore
121,04-05-2018,Healthians,New Delhi
122,05-05-2018,HealthMir,New Delhi
123,05-05-2018,Uactive,Mumbai
124,05-05-2018,i-lend,Hyderabad
125,05-05-2018,Good Methods Global,Trivandrum
126,05-05-2018,Balance App,Bangalore
127,08-05-2018,YepMe,Gurgaon
128,08-05-2018,Nightstay,New Delhi
129,08-05-2018,Devourin,Pune
130,08-05-2018,MyGreens,New Delhi
131,08-05-2018,Ace Turtle,Bangalore
132,08-05-2018,CureFit,Bangalore
133,09-05-2018,Curie Labs,New Delhi
134,09-05-2018,Uncanny Vision,Bangalore
135,09-05-2018,Anchanto,Pune
136,09-05-2018,Sequretek,Mumbai
137,10-05-2018,Lucideus,New Delhi
138,10-05-2018,Vidooly,Noida
139,10-05-2018,Shopclues,Gurgaon
140,10-05-2018,Fourth Ambit,Bangalore
141,10-05-2018,Chymera VR,Bangalore
142,11-05-2018,Early Salary,Pune
143,11-05-2018,Book My Diamond,Mumbai
144,11-05-2018,ION Energy,Mumbai
145,12-05-2018,Legal Raasta,New Delhi
146,12-05-2018,Log 9 Materials,Bangalore
147,12-05-2018,Remit Guru,Mumbai
148,12-05-2018,Aequm,Bangalore
149,15-05-2018,Zapty,Bangalore
150,15-05-2018,Vernacular.ai,Bangalore
151,16-05-2018,Niki.ai,Bangalore
152,16-05-2018,Telr,Mumbai
153,16-05-2018,Fynd,Mumbai
154,17-05-2018,Genie,Chennai
155,17-05-2018,Paysense,Mumbai
156,18-05-2018,The Good Life,Mumbai
157,18-05-2018,PumpKart,Chandigarh
158,18-05-2018,Paytm,Bangalore
159,19-05-2018,EzCred,Bangalore
160,19-05-2018,HealthSutra,Hyderabad
161,20-05-2018,YepMe,New Delhi
162,22-05-2018,Delhivery,New Delhi
163,22-05-2018,ZipGrid,Mumbai
164,23-05-2018,TravelSpice,Hyderabad
165,23-05-2018,Magicpin,Gurgaon
166,23-05-2018,The Print,New Delhi
167,23-05-2018,Box8,Mumbai
168,24-05-2018,GenNext Students,Mumbai
169,25-05-2018,Aye Finance,Gurgaon
170,26-05-2018,WhatsLoan,Bangalore
171,29-05-2018,Cube Consumer Services,Mumbai
172,29-05-2018,Nivesh,Noida
173,29-05-2018,Wowflux,New Delhi
174,29-05-2018,Collateral Medical,Mumbai
175,30-05-2018,Loadshare,Bangalore
176,30-05-2018,SimpliLend,New Delhi
177,30-05-2018,Supr Daily,Mumbai
178,30-05-2018,Swiggy,Bangalore
179,31-05-2018,SastaSundar,Kolkata
180,31-05-2018,Magicpin,Gurgaon
181,01-04-2018,Cashe,Mumbai
182,03-04-2018,Eruditus,Mumbai
183,03-04-2018,TestBook,Mumbai
184,03-04-2018,Healthcare at Home,Noida
185,03-04-2018,Tyre Express,Mumbai
186,03-04-2018,SmartCoin,Bangalore
187,04-04-2018,WayCool,Chennai
188,04-04-2018,Perfios,Bangalore
189,04-04-2018,Whatfix,Bangalore
190,04-04-2018,ElastiRun,Pune
191,04-04-2018,Trukky,Ahmedabad
192,04-04-2018,Konsult App,New Delhi
193,05-04-2018,Credit Sudhaar,Mumbai
194,05-04-2018,Fingerlix,Mumbai
195,05-04-2018,DataWeave,Bangalore
196,06-04-2018,Medwell Ventures,Bangalore
197,06-04-2018,Mech Mocha,Bangalore
198,07-04-2018,Startup Buddy,Gurgaon
199,07-04-2018,QorQI,Noida
200,07-04-2018,Twenty Two Motors,Gurgaon
201,07-04-2018,PharmEasy,Mumbai
202,08-04-2018,WonderChef,Mumbai
203,08-04-2018,FastFox,Gurgaon
204,10-04-2018,Omnify,Bangalore
205,10-04-2018,Capital Float,Bangalore
206,11-04-2018,Ninjacart,Bangalore
207,11-04-2018,MergerWare,Bangalore
208,11-04-2018,Sports Flashes,New Delhi
209,12-04-2018,Clovia,New Delhi
210,12-04-2018,Emiza,Mumbai
211,12-04-2018,HackerEarth,Bangalore
212,12-04-2018,Squadrun,Noida
213,12-04-2018,Tinmen,Hyderabad
214,12-04-2018,ScoutMyTrip,Mumbai
215,13-04-2018,SafetyKart,Gurgaon
216,13-04-2018,WeAreHolidays,Gurgaon
217,14-04-2018,Ola Cabs,Bangalore
218,15-04-2018,Myly,Jaipur
219,17-04-2018,CrediHealth,Gurgaon
220,17-04-2018,Navia Life Care,New Delhi
221,17-04-2018,Raw Pressery,Mumbai
222,17-04-2018,Snackible,Mumbai
223,17-04-2018,Be U Salons,New Delhi
224,17-04-2018,Simulanis,New Delhi
225,17-04-2018,LendingKart,Ahmedabad
226,18-04-2018,Innefu Security Consulting,New Delhi
227,18-04-2018,Whodat,Bangalore
228,18-04-2018,Absentia VR,Bangalore
229,19-04-2018,IOTrek,New Delhi
230,20-04-2018,HolaChef,Mumbai
231,20-04-2018,Wooplr,Bangalore
232,21-04-2018,Video Ken,Bangalore
233,24-04-2018,Faasos,Pune
234,24-04-2018,Oyo Rooms,Gurgaon
235,24-04-2018,Toppr,Mumbai
236,24-04-2018,Niramai,Bangalore
237,25-04-2018,The Office Pass,Gurgaon
238,25-04-2018,UrbanClap,Gurgaon
239,26-04-2018,Awfis,Mumbai
240,26-04-2018,Myra,Bangalore
241,26-04-2018,Flytxt,Mumbai
242,26-04-2018,Howdy Ventures,Chennai
243,26-04-2018,StalkBuyLove,New Delhi
244,26-04-2018,ZipGo,Bangalore
245,27-04-2018,Scootsy,Mumbai
246,27-04-2018,Autobix,Pune
247,27-04-2018,eShiksha,Jaipur
248,27-04-2018,iNurture,Bangalore
249,28-04-2018,Sepalika,New Delhi
250,28-04-2018,Mintwalk,Mumbai
251,29-04-2018,Qriyo,Jaipur
252,01-03-2018,Ola,Bangalore
253,01-03-2018,Belong,Bangalore
254,01-03-2018,Seenit,Kolkata
255,01-03-2018,Paalak,New Delhi
256,02-03-2018,Celes Care,Hyderabad
257,02-03-2018,Karomi,Chennai
258,02-03-2018,Red Carpet,Gurgaon
259,02-03-2018,Kreate Konnect,Vadodara
260,02-03-2018,CreditMantri,Chennai
261,03-03-2018,Lets Endorse,Bangalore
262,03-03-2018,Tydy,Bangalore
263,03-03-2018,Nactus,Jaipur
264,03-03-2018,Oho Shop,Ahmedabad
265,03-03-2018,Emojifi,Hyderabad
266,03-03-2018,Paytm Marketplace,Bangalore
267,04-03-2018,iGenetics,Mumbai
268,06-03-2018,Juno Clinic,Mumbai
269,06-03-2018,Summerlabel,Gurgaon
270,06-03-2018,PickMe,Mumbai
271,07-03-2018,Agrostar,Pune
272,07-03-2018,Zapr,Bangalore
273,07-03-2018,Data Resolve,Noida
274,07-03-2018,Book Servicing,New Delhi
275,07-03-2018,Blowhorn,Bangalore
276,08-03-2018,Rivigo,Gurgaon
277,08-03-2018,PipeCandy,Chennai
278,08-03-2018,Supr Daily,Mumbai
279,08-03-2018,Parentune,Gurgaon
280,09-03-2018,AppBrowzer,Bangalore
281,09-03-2018,MagicBricks,Mumbai
282,10-03-2018,PeeBuddy,New Delhi
283,10-03-2018,iOrderFresh,New Delhi
284,10-03-2018,Lavelle Networks,Bangalore
285,10-03-2018,PropertyShare,Bangalore
286,14-03-2018,MyDermacy,New Delhi
287,15-03-2018,LatestOne,Hyderabad
288,15-03-2018,Frapperz,Kolkata
289,16-03-2018,mPaani,Mumbai
290,16-03-2018,ShilpMIS,Surat
291,16-03-2018,POPxo,New Delhi
292,16-03-2018,Fitso,Gurgaon
293,17-03-2018,FarMart,Gurgaon
294,21-03-2018,Flipkart,Bangalore
295,21-03-2018,Airpay,Mumbai
296,21-03-2018,MyGlamm,Mumbai
297,22-03-2018,The Mons Co.,New Delhi
298,22-03-2018,Haqdarshak,Bangalore
299,23-03-2018,Ixigo,Gurgaon
300,23-03-2018,Markets and Markets,Pune
301,24-03-2018,Bizom,Bangalore
302,24-03-2018,BabyonBoard,Bangalore
303,24-03-2018,Delhivery,New Delhi
304,27-03-2018,Sport Flashes,New Delhi
305,28-03-2018,Fynd,Mumbai
306,28-03-2018,Wigzo,New Delhi
307,28-03-2018,DoneThing,Gurgaon
308,29-03-2018,Zapyle,Bangalore
309,29-03-2018,Ithaka,Mumbai
310,29-03-2018,perpule,Bangalore
311,29-03-2018,Byju’s,Bangalore
312,29-03-2018,Licious,Bangalore
313,29-03-2018,Medinfi,Bangalore
314,30-03-2018,Indus OS,Mumbai
315,30-03-2018,Emflux Motors,Bangalore
316,30-03-2018,Klinic App,Gurgaon
317,31-03-2018,Jhakaas,Mumbai
318,31-03-2018,Oriano Solar,Mumbai
319,31-03-2018,BigBasket,Bangalore
320,31-03-2018,Rooter,New Delhi
321,31-03-2018,FalconBrick,Bangalore
322,31-03-2018,Icertis,Pune
323,02-02-2018,Clodura,Pune
324,03-02-2018,Stockroom.io,Hyderabad
325,06-02-2018,Capital Float,Bangalore
326,06-02-2018,iManageMyHotel,Kolkata
327,07-02-2018,Inner Hour,Mumbai
328,07-02-2018,Travel Triangle,Noida
329,08-02-2018,Wandertrails,Bangalore
330,08-02-2018,Zenatix,Gurgaon
331,08-02-2018,Cartrade,Mumbai
332,08-02-2018,MindYourFleet,Noida
333,08-02-2018,Edurev,Gurgaon
334,09-02-2018,Voonik,Bangalore
335,09-02-2018,1Crowd,Mumbai
336,09-02-2018,Wooplr,Bangalore
337,10-02-2018,48East,Bangalore
338,10-02-2018,Redesyn,Mumbai
339,13-02-2018,Sigtuple,Bangalore
340,13-02-2018,Flutura,Bangalore
341,13-02-2018,Wassup,Chennai
342,13-02-2018,Better Mortgage,Gurgaon
343,13-02-2018,Nurturey,New Delhi
344,13-02-2018,Fyle,Bangalore
345,14-02-2018,GoBumpr,Chennai
346,14-02-2018,CCAvenue,Mumbai
347,14-02-2018,Connaizen,New Delhi
348,15-02-2018,Innov8,New Delhi
349,15-02-2018,ZestMoney,Bangalore
350,15-02-2018,AirZaar,Missourie
351,16-02-2018,Truebil,Mumbai
352,16-02-2018,YourStory,Bangalore
353,17-02-2018,Imaginate,Hyderabad
354,17-02-2018,The Ken,Bangalore
355,17-02-2018,Urban Ladder,Bangalore
356,17-02-2018,Aisle,Bangalore
357,17-02-2018,TownScript,Pune
358,17-02-2018,Leopetra,Mumbai
359,18-02-2018,Blood n Care,Gurgaon
360,20-02-2018,Flipkart,Bangalore
361,21-02-2018,True Balance,Gurgaon
362,22-02-2018,Vebbler,Bangalore
363,23-02-2018,Get My Parking,New Delhi
364,23-02-2018,Lets Reap,Mumbai
365,24-02-2018,Oglas,Noida
366,27-02-2018,Staydobe,Bangalore
367,27-02-2018,Biryani By Kilo,Gurgaon
368,27-02-2018,Johari Shop,Bangalore
369,28-02-2018,NeoStencil,New Delhi
370,28-02-2018,Blackbuck,Bangalore
371,02-01-2018,TaxSutra,Pune
372,03-01-2018,TempoGo,Panaji
373,03-01-2018,GoFynd,Mumbai
374,03-01-2018,Vow Car Clinic,Gurgaon
375,04-01-2018,LearnTron,Chennai
376,05-01-2018,MobiDent,Bangalore
377,05-01-2018,Yostra,Bangalore
378,06-01-2018,Leap India,Mumbai
379,07-01-2018,FreeCharge,Mumbai
380,09-01-2018,TicketNew,Chennai
381,10-01-2018,Intelligence Node,Mumbai
382,10-01-2018,Securens,Mumbai
383,10-01-2018,Loan Frame,Gurgaon
384,10-01-2018,DriveSkool,Bangalore
385,10-01-2018,Medinfi,Bangalore
386,10-01-2018,LensKart,Bangalore
387,11-01-2018,InstaOffice,Gurgaon
388,12-01-2018,Hansel.io,Bangalore
389,12-01-2018,Square Yards,Gurgaon
390,13-01-2018,Roambee,Mumbai
391,13-01-2018,PaisaWapas,Bangalore
392,13-01-2018,iService,Bangalore
393,14-01-2018,Unacademy,Bangalore
394,14-01-2018,SecururAX,Bangalore
395,16-01-2018,Leadburg,Bangalore
396,16-01-2018,ZoloStays,Bangalore
397,16-01-2018,Oi Media,New Delhi
398,16-01-2018,HipCouch,Mumbai
399,17-01-2018,Curiositi,Bangalore
400,17-01-2018,TinyStep,Bangalore
401,17-01-2018,Practo,Bangalore
402,17-01-2018,Ketchupp,New Delhi
403,17-01-2018,Hoopy,Gwalior
404,17-01-2018,Ezytruk,Bangalore
405,18-01-2018,Kratikal,New Delhi
406,18-01-2018,Direct Create,Gurgaon
407,18-01-2018,Vahdam Teas,New Delhi
408,18-01-2018,Qwikspec,Bangalore
409,19-01-2018,PParke,Bangalore
410,19-01-2018,Weddingz.in,Mumbai
411,19-01-2018,Native Special,Karur
412,19-01-2018,Fitnapp,Noida
413,20-01-2018,Ethosh,Pune
414,20-01-2018,Wydr,Gurgaon
415,20-01-2018,Tyre Express,Mumbai
416,20-01-2018,Connaizen,New Delhi
417,22-01-2018,MessaGif,New Delhi
418,23-01-2018,SmartHi,Pune
419,23-01-2018,CRON Systems,New Delhi
420,23-01-2018,CueMath,New Delhi
421,23-01-2018,ChipperSage,Bangalore
422,24-01-2018,SelectJobs,Mumbai
423,24-01-2018,Khel Now,Bangalore
424,24-01-2018,NowFloats,Hyderabad
425,24-01-2018,Lets Transport,Bangalore
426,24-01-2018,BetaOut,Noida
427,25-01-2018,Wishberry,Mumbai
428,25-01-2018,RML Agtech,Pune
429,25-01-2018,LoyaltyPrime,New Delhi
430,25-01-2018,InstaSafe,Bangalore
431,25-01-2018,Infibeam,Ahmedabad
432,02-01-2018,99Games,Udupi
433,26-01-2018,AirMed Labs,Ahmedabad
434,26-01-2018,99PerHour,Chennai
435,26-01-2018,Kochi Post,Kochi
436,30-01-2018,Intuit Things,Mumbai
437,30-01-2018,Cloudrino,New Delhi
438,30-01-2018,FabX,Mumbai
439,30-01-2018,Maptags,Bangalore
440,30-01-2018,YOLO Health,Mumbai
441,31-01-2018,Heads Up For Tails,New Delhi
442,31-01-2018,Register My Marriage,New Delhi
443,01-12-2016,SidQam,Noida
444,01-12-2016,India Lends,New Delhi
445,01-12-2016,Slide App,New Delhi
446,02-12-2016,Badiyajobs,New Delhi
447,02-12-2016,Streo,Bangalore
448,02-12-2016,TYGR,Mumbai
449,05-12-2016,Mr Hot Foods,Indore
450,05-12-2016,UrDoorStep,Bangalore
451,05-12-2016,ONN Bikes,Mumbai
452,06-12-2016,Diro Labs,New Delhi
453,06-12-2016,THB,Gurgaon
454,07-12-2016,LookAtMe,Singapore
455,07-12-2016,Netree,New Delhi
456,07-12-2016,BookEventz,Mumbai
457,07-12-2016,Tailslife,Bangalore
458,07-12-2016,Revv,New Delhi
459,07-12-2016,WealthApp,Bangalore
460,07-12-2016,Vehico,Bangalore
461,08-12-2016,Zest Money,Mumbai
462,08-12-2016,GoMechanic,Gurgaon
463,09-12-2016,Stalk Buy Love,New Delhi
464,09-12-2016,Nykaa,Mumbai
465,09-12-2016,Wittyparot,Bangalore
466,09-12-2016,NeuroEquilibrium,Jaipur
467,12-12-2016,Xseed Education,Bangalore
468,12-12-2016,Rupaiya Exchange,New Delhi
469,12-12-2016,Doctor Insta,Gurgaon
470,12-12-2016,UrbanPiper,Bangalore
471,12-12-2016,Fresh Food Concepts,New Delhi
472,13-12-2016,Indifi,Gurgaon
473,13-12-2016,GoComet,Mumbai
474,13-12-2016,OfBusiness,Gurgaon
475,14-12-2016,Fitmein,New Delhi
476,14-12-2016,Qacco,Gurgaon
477,14-12-2016,Fitpass,New Delhi
478,14-12-2016,MoEngage,Bangalore
479,14-12-2016,Ten3t Health,Bangalore
480,14-12-2016,Trading Bells,Indore
481,15-12-2016,SERV’D,Pune
482,15-12-2016,IdeaForge,Mumbai
483,15-12-2016,Amagi Media Labs,Mumbai
484,15-12-2016,Pocket Aces,Mumbai
485,16-12-2016,Pi Data Centers,Hyderabad
486,16-12-2016,TripShelf,New Delhi
487,19-12-2016,Events High,Bangalore
488,19-12-2016,NoBroker,Bangalore
489,20-12-2016,VivoCarat,Mumbai
490,20-12-2016,Tiyo,Kolkata
491,20-12-2016,Zoomcar,Bangalore
492,20-12-2016,BYJU’s,Bangalore
493,21-12-2016,Supr Daily,Mumbai
494,21-12-2016,The BlueBook,Bangalore
495,21-12-2016,MamaEarth,New Delhi
496,21-12-2016,Vegetall,Chennai
497,22-12-2016,Innoplexus,Pune
498,22-12-2016,Mindler,New Delhi
499,22-12-2016,MCaffeine,Bangalore
500,23-12-2016,enKast,Bangalore
501,23-12-2016,ShopKirana,Indore
502,23-12-2016,MyAdvo,New Delhi
503,23-12-2016,Asocon,Noida
504,23-12-2016,LexComply,New Delhi
505,26-12-2016,The Postbox,Chennai
506,26-12-2016,Pandorum Technologies,Bangalore
507,26-12-2016,Dekkho,Mumbai
508,26-12-2016,Shadowfox,Gurgaon
509,27-12-2016,ShopX,Bangalore
510,28-12-2016,BookEventz,Mumbai
511,29-12-2016,Healthifyme,Bangalore
512,29-12-2016,LetsMD,New Delhi
513,29-12-2016,Justbooks,Bangalore
514,30-12-2016,InstantPay,New Delhi
515,01-11-2016,PickMyLaundry,New Delhi
516,02-11-2016,FreshDesk,Chennai
517,02-11-2016,LaundryAnna,Bangalore
518,02-11-2016,LetsMD,New Delhi
519,02-11-2016,Sattviko,New Delhi
520,03-11-2016,Zarget,Chennai
521,03-11-2016,DoSelect,Bangalore
522,03-11-2016,EasyPolicy,Noida
523,04-11-2016,Browntape,Goa
524,04-11-2016,Connect India,Bangalore
525,04-11-2016,Corseco,New Delhi
526,04-11-2016,vImmune,Bangalore
527,04-11-2016,The Gourmet Jar,Noida
528,05-11-2016,Medzin,New Delhi
529,05-11-2016,Bizongo,Mumbai
530,07-11-2016,Rivigo,Gurgaon
531,07-11-2016,JustRide,Mumbai
532,09-11-2016,IIM Jobs,New Delhi
533,09-11-2016,Square Yards,Gurgaon
534,10-11-2016,GolfLAN,New Delhi
535,10-11-2016,Yottaasys,Bangalore
536,10-11-2016,Tone Tag,Bangalore
537,11-11-2016,Life in Control,Gurgaon
538,14-11-2016,Active.ai,Singapore
539,14-11-2016,ElasticRun,Pune
540,15-11-2016,NoBroker,Bangalore
541,15-11-2016,Zefo,Bangalore
542,15-11-2016,PlaySimple,Bangalore
543,16-11-2016,Stasis Labs,Bangalore
544,17-11-2016,Scienaptic,Bangalore
545,17-11-2016,Koovs,New Delhi
546,17-11-2016,Lawrato,New Delhi
547,17-11-2016,Trip Tap Toe,Gurgaon
548,17-11-2016,Pictor Imaging,Mumbai
549,18-11-2016,GramCover,New Delhi
550,18-11-2016,AerMed,Mumbai
551,18-11-2016,WorkIndia,Mumbai
552,21-11-2016,Bats on delivery,Gurgaon
553,21-11-2016,numberz.in,Gurgaon
554,22-11-2016,Housing.com,Mumbai
555,22-11-2016,Awesummly,Bangalore
556,22-11-2016,VoLT,Mumbai
557,22-11-2016,Vymo,Bangalore
558,22-11-2016,ShubhLoans,Bangalore
559,22-11-2016,Noddapp,Mumbai
560,23-11-2016,Knowlarity,Bangalore
561,23-11-2016,Infisecure,Mumbai
562,23-11-2016,Udaan,Bangalore
563,24-11-2016,FroyoFit,Indore
564,24-11-2016,Betterplace,Bangalore
565,24-11-2016,ShareChat,Mumbai
566,24-11-2016,UClean,Gurgaon
567,24-11-2016,Servify,Mumbai
568,25-11-2016,Hubilo,Ahmedabad
569,25-11-2016,FunOnGo,Mumbai
570,25-11-2016,121Policy,Kolkata
571,26-11-2016,TapChief,Bangalore
572,28-11-2016,Kloseby,Bangalore
573,28-11-2016,WholeSaleBox,Jaipur
574,29-11-2016,Crossahead,Noida
575,29-11-2016,Affordplan,New Delhi
576,30-11-2016,HandyTrain,Goa
577,30-11-2016,ShopsUp,Bangalore
578,30-11-2016,Indofash,Bangalore
579,30-11-2016,Entropika,Bangalore
580,30-11-2016,MarianaIQ,Bangalore
581,30-11-2016,Chai Thela,Noida
582,30-11-2016,Interviewpad,Pune
583,30-11-2016,Math Buddy,Vadodara
584,30-11-2016,Pulse,Bangalore
585,30-11-2016,MonkeyBox,Bangalore
586,30-11-2016,Carcrew.in,Mumbai
587,03-10-2016,MeraKisan,Bangalore
588,03-10-2016,Mystifly,Bangalore
589,03-10-2016,HelpChat,Bangalore
590,03-10-2016,Uniphore,Chennai
591,03-10-2016,World Art Community,Gurgaon
592,04-10-2016,Giftxoxo,Bangalore
593,04-10-2016,Bharat Bazaar,Mumbai
594,04-10-2016,GOQii,Mumbai
595,04-10-2016,India Gifts Portal,Noida
596,04-10-2016,Moglix,Noida
597,04-10-2016,NetLinx,Hyderabad
598,04-10-2016,Scandid,Pune
599,04-10-2016,Remitr,Mumbai
600,04-10-2016,InnerChef,Gurgaon
601,04-10-2016,AppsDaily,Mumbai
602,05-10-2016,MuhurtMaza,Pune
603,05-10-2016,Azuro,Mumbai
604,05-10-2016,NeuroSynaptic,Bangalore
605,05-10-2016,UE LifeSciences,Mumbai
606,06-10-2016,FindmeaShoe,Bangalore
607,06-10-2016,RealBox,Noida
608,06-10-2016,Sportido,Noida
609,06-10-2016,GoZefo,Bangalore
610,07-10-2016,RayIOT,Bangalore
611,07-10-2016,KOOH Sports,Mumbai
612,07-10-2016,Flexiloans,Mumbai
613,07-10-2016,Sibia Analytics,Kolkata
614,10-10-2016,Vithi.com,New Delhi
615,11-10-2016,Yupp TV,Bangalore
616,11-10-2016,Deyor Camps,Gurgaon
617,12-10-2016,ZipLoan,New Delhi
618,13-10-2016,FabAlley,Noida
619,13-10-2016,Shoekonnect,Agra
620,13-10-2016,Maya,Bangalore
621,13-10-2016,RoboVac,Ahmedabad
622,14-10-2016,Newspatrolling,New Delhi
623,14-10-2016,Postman,Bangalore
624,14-10-2016,ISFC,Hyderabad
625,14-10-2016,BeatRoute,Gurgaon
626,14-10-2016,Kidsstoppress,Mumbai
627,14-10-2016,Innov8,Bangalore
628,15-10-2016,DailyHunt,Bangalore
629,15-10-2016,Tazzo Bikes,Hyderabad
630,15-10-2016,MyKindofJob,Mumbai
631,17-10-2016,Trilyo,Bangalore
632,17-10-2016,Rooter,New Delhi
633,17-10-2016,Yumigo,Gurgaon
634,17-10-2016,Rentalpha,Mumbai
635,18-10-2016,3Dexter,New Delhi
636,18-10-2016,BabyChakra,Mumbai
637,18-10-2016,Coppre,Pune
638,18-10-2016,MySUN,Noida
639,18-10-2016,ePathsala,Bangalore
640,19-10-2016,Furlenco,Bangalore
641,19-10-2016,Fisdom,Bangalore
642,19-10-2016,Actofit,Mumbai
643,20-10-2016,Stayology,Bangalore
644,20-10-2016,Hipcask,Mumbai
645,20-10-2016,RailYatri,Noida
646,21-10-2016,ChatOnGo,Mumbai
647,23-10-2016,WOTU,Bangalore
648,24-10-2016,Healthians,Gurgaon
649,24-10-2016,Box8,Mumbai
650,25-10-2016,Kredx,Bangalore
651,25-10-2016,CreditMate,Mumbai
652,25-10-2016,Pickrr,New Delhi
653,25-10-2016,SatvaKart,Gurgaon
654,25-10-2016,SooperMO,Gurgaon
655,26-10-2016,OrangeTwig,New Delhi
656,26-10-2016,Wooplr,Bangalore
657,26-10-2016,The Kettlery,Ahmedabad
658,27-10-2016,Idea Bubbles,Bangalore
659,27-10-2016,FR8,Chennai
660,27-10-2016,Ather Energy,Bangalore
661,28-10-2016,Pikkol,Bangalore
662,29-10-2016,Velmenni,New Delhi
663,29-10-2016,Volta Motors,Chennai
664,29-10-2016,Cyclops,Bangalore
665,30-10-2016,Impact Analytics,Bangalore
666,31-10-2016,Talent Next,Mumbai
667,01-09-2016,Mad Street Den,Chennai
668,01-09-2016,Mihup,Kolkata
669,01-09-2016,Renowala,Hyderabad
670,01-09-2016,Lucideus,New Delhi
671,04-09-2016,Trackbizz,Kochi
672,05-09-2016,Social Quotient,Mumbai
673,05-09-2016,Stalk Buy Love,New Delhi
674,06-09-2016,eShakti,Chennai
675,06-09-2016,CheersOye!,Mumbai
676,06-09-2016,Lenskart,New Delhi
677,06-09-2016,BigStylist,Mumbai
678,07-09-2016,Zilingo,Bangalore/ Bangkok
679,07-09-2016,Alternacare,New Delhi
680,07-09-2016,Simplilearn,Bangalore
681,07-09-2016,Prozo,Gurgaon
682,08-09-2016,TopRankers,Bangalore
683,08-09-2016,BuildTraders,Bangalore
684,09-09-2016,Byju’s,Bangalore
685,09-09-2016,NoBroker,Bangalore
686,10-09-2016,Freshboxx,Hubli
687,10-09-2016,CureInstant,New Delhi
688,10-09-2016,Poshtic,Noida
689,10-09-2016,KarmaCircles,New Delhi
690,12-09-2016,Purple Style Labs,Mumbai
691,12-09-2016,Inuxu,Pune
692,12-09-2016,Nykaa,Mumbai
693,12-09-2016,Glam Studios,Noida
694,13-09-2016,Findow,Bangalore
695,13-09-2016,IdeaChakki,Delhi
696,13-09-2016,ShoeKonnect,Agra
697,13-09-2016,NearBuy,Gurgaon
698,14-09-2016,ZeroInfy,Kolkata
699,14-09-2016,Flocareer,Bangalore
700,14-09-2016,LensPick,Bangalore
701,15-09-2016,infeedo,Gurgaon
702,15-09-2016,Furlenco,Bangalore
703,15-09-2016,GoPigeon,Bangalore
704,16-09-2016,NewsDistill,Hyderabad
705,16-09-2016,DoctorInsta,Gurgaon
706,19-09-2016,Milofy,Bangalore
707,19-09-2016,Liqvid,New Delhi
708,19-09-2016,Swiggy,Bangalore
709,20-09-2016,Codemojo,Bangalore
710,20-09-2016,JustLikeNew,Hyderabad
711,20-09-2016,JoeHukum,New Delhi
712,21-09-2016,Co Life,Bangalore
713,21-09-2016,PurpleDocs,Vadodara
714,21-09-2016,Pepperfry,Mumbai
715,21-09-2016,eQuickies,Ahmedabad
716,21-09-2016,Khel Now,New Delhi
717,22-09-2016,Gadgetwood,New Delhi
718,22-09-2016,DailyRounds,Bangalore
719,22-09-2016,Flixy Games,Bangalore
720,22-09-2016,HashTaag,Bangalore
721,22-09-2016,PharmaRack,Pune
722,23-09-2016,CloudCherry,Chennai
723,23-09-2016,Parentlane,Bangalore
724,23-09-2016,First Moms Club,Mumbai
725,23-09-2016,inMotion,Noida
726,26-09-2016,Let’s Barter,New Delhi
727,26-09-2016,EvenGini,Chennai
728,27-09-2016,TinyStep,Bangalore
729,27-09-2016,Canvs,Mumbai
730,28-09-2016,Beardo,Ahmedabad
731,28-09-2016,Instacar,Indore
732,28-09-2016,Celes Care,Hyderabad
733,28-09-2016,Druva,Pune
734,29-09-2016,Promon,New Delhi
735,29-09-2016,Fastudent,Noida
736,29-09-2016,Unocoin,Bangalore
737,30-09-2016,Demyto,Pune
738,30-09-2016,Zeta,Mumbai
739,30-09-2016,Kalaage,Jaipur
740,01-08-2016,HealthKart,Gurgaon
741,01-08-2016,Medinfi,Bangalore
742,01-08-2016,RepairEasy,Pune
743,01-08-2016,Voonik,Bangalore
744,01-08-2016,Tokri,Pune
745,02-08-2016,Sheroes,Noida
746,02-08-2016,Daily Ninja,Bangalore
747,02-08-2016,Yumlane,Mumbai
748,03-08-2016,Xcode,Chennai
749,03-08-2016,ExtraCarbon,Gurgaon
750,03-08-2016,FlickBay,Mumbai
751,04-08-2016,Petoo,Bangalore
752,04-08-2016,lehlehsports,New Delhi
753,05-08-2016,Tricog,Bangalore
754,06-08-2016,VST Travels,Kerala
755,08-08-2016,AdPushUp,New Delhi
756,08-08-2016,Wefly Indoor Skydiving,Mumbai
757,08-08-2016,Mojarto,Gurgaon
758,08-08-2016,Zipgrid,Mumbai
759,09-08-2016,MobiDent,Bangalore
760,09-08-2016,Zeolr/RespirON,New Delhi
761,10-08-2016,Vebbler,Bangalore
762,10-08-2016,Bombay Shaving Company,New Delhi
763,11-08-2016,Travelyaari,Bangalore
764,11-08-2016,91SpringBoard,Mumbai
765,11-08-2016,Genextstudents,Mumbai
766,11-08-2016,Zenoti,Hyderabad
767,12-08-2016,Crofarm,Gurgaon
768,12-08-2016,Faircent.com,Gurgaon
769,12-08-2016,Innovaccer,Noida
770,12-08-2016,Cuberoot,Gurgaon
771,12-08-2016,Funcastic,New Delhi
772,15-08-2016,Buttercups,Bangalore
773,16-08-2016,Zappfresh,Gurgaon
774,16-08-2016,OyoRooms,New Delhi
775,16-08-2016,Hike,New Delhi
776,16-08-2016,Joolz,Mumbai
777,16-08-2016,SaleBhai,Ahmedabad
778,16-08-2016,Makkajai,Pune
779,16-08-2016,Gradopedia,Mumbai
780,17-08-2016,MaalGaadi,Indore
781,17-08-2016,ZiPi,Bangalore
782,17-08-2016,Appknox,Bangalore
783,17-08-2016,Pikkol,Bangalore
784,18-08-2016,Meesho,Bangalore
785,18-08-2016,Sesame Software,Kozhikode
786,19-08-2016,Quikr,Mumbai
787,19-08-2016,Digio,Bangalore
788,19-08-2016,Ziffity,Chennai
789,22-08-2016,Zzungry,Bangalore
790,22-08-2016,Puro Wellness,Mumbai
791,22-08-2016,Fitternity,Mumbai
792,23-08-2016,TAC Security,New Delhi
793,23-08-2016,Notesgen,New Delhi
794,23-08-2016,NearU,Mumbai
795,23-08-2016,Octo.ai,New Delhi
796,24-08-2016,ShaadiSaga,New Delhi
797,24-08-2016,UnaAcademy,Bangalore
798,24-08-2016,Advenio,Chandigarh
799,24-08-2016,Guarented,Bangalore
800,24-08-2016,Beyond Evolution,Gurgaon
801,24-08-2016,Uber Dreams,Mumbai
802,24-08-2016,Convegenius,Noida
803,24-08-2016,UrbanLadder,Mumbai
804,24-08-2016,enCashea,Bangalore
805,25-08-2016,EngineerBabu,Indore
806,25-08-2016,Cult,Bangalore
807,25-08-2016,WitWorks,Bangalore
808,25-08-2016,NearFox,Mumbai
809,25-08-2016,ZoomCar,Bangalore
810,26-08-2016,Plix,Gurgaon
811,26-08-2016,Mobikwik,Gurgaon
812,26-08-2016,MyDidi,Mumbai
813,26-08-2016,CrownIt,Gurgaon
814,29-08-2016,LoanTap,Mumbai
815,29-08-2016,Runnr,Bangalore
816,29-08-2016,Zolo,Noida
817,29-08-2016,Notion Press,Chennai
818,29-08-2016,LivSpace,Bangalore
819,30-08-2016,iAugmentor Labs,Gurgaon
820,30-08-2016,DayBox,New Delhi
821,30-08-2016,Paytm,Bangalore
822,30-08-2016,CropIn,Bangalore
823,30-08-2016,Canvera,Bangalore
824,30-08-2016,Prime Focus Technologies,Mumbai
825,31-08-2016,Flyrobe,Mumbai
826,31-08-2016,inclov,Mumbai
827,01-07-2016,RazorPay,Bangalore
828,01-07-2016,DarwinBox,Hyderabad
829,01-07-2016,Venture Catalysts,Mumbai
830,01-07-2016,PressPlay TV,New Delhi
831,02-07-2016,Playment,Bangalore
832,04-07-2016,WealthTrust,Mumbai
833,04-07-2016,Curefit,Bangalore
834,04-07-2016,StitchWood,Mumbai
835,04-07-2016,Grab.in,Mumbai
836,04-07-2016,Fulfil.IO,US
837,04-07-2016,NeoGrowth,Mumbai
838,05-07-2016,SeeDoc,Gurgaon
839,05-07-2016,BookMyShow,Mumbai
840,05-07-2016,Flyrobe,Mumbai
841,06-07-2016,HappilyUnmarried,New Delhi
842,06-07-2016,Don’t Scratch Your Head,Ahmedabad
843,06-07-2016,Wedding Wishlist,Chennai
844,07-07-2016,AppDaily,Mumbai
845,07-07-2016,Adytude,New Delhi
846,07-07-2016,Quickli,Gurgaon
847,07-07-2016,SpectraVR,Mumbai
848,08-07-2016,Pitstop,Bangalore
849,08-07-2016,HolaChef,Mumbai
850,11-07-2016,Purplle,Mumbai
851,11-07-2016,Trak N Tell,Gurgaon
852,11-07-2016,Overcart.com,Gurgaon
853,12-07-2016,SirionLabs,Gurgaon
854,12-07-2016,GyanDhan,New Delhi
855,12-07-2016,MintM,Bangalore
856,12-07-2016,HitGrit,Chandigarh
857,12-07-2016,Find My Stay,New Delhi
858,13-07-2016,YAAP,New Delhi
859,13-07-2016,Utoo Cabs,Chennai
860,13-07-2016,Twigly,Gurgaon
861,13-07-2016,ShareChat,Bangalore
862,13-07-2016,Urban Tailor,Bangalore
863,13-07-2016,RentMojo,Bangalore
864,13-07-2016,CityFurnish,Gurgaon
865,13-07-2016,HEAL Institute,Mumbai
866,14-07-2016,Augrav,Coimbatore
867,14-07-2016,ShoppinPal,Pune
868,14-07-2016,TransTutors / AskIITians,New Delhi
869,15-07-2016,WorkApps,Pune
870,15-07-2016,BankerBay,Bangalore
871,15-07-2016,BaggOut,New Delhi
872,15-07-2016,TripShelf,New Delhi
873,15-07-2016,SatvaCart,New Delhi
874,15-07-2016,Ridlr,Mumbai
875,18-07-2016,Yellowdig,Pune
876,18-07-2016,Zuppler,New Delhi
877,18-07-2016,BlueStone,Mumbai
878,18-07-2016,underDOGS,Mumbai
879,18-07-2016,ImageProVision,Pune
880,19-07-2016,Sagacito,New Delhi
881,19-07-2016,Deal4Loans / Wishfin,Noida
882,19-07-2016,NiYO Solutions,Bangalore
883,19-07-2016,AppLop,Gurgaon
884,20-07-2016,Tax2Win,Jaipur
885,20-07-2016,Truckola,Mumbai
886,20-07-2016,iServe Financial,Pune
887,21-07-2016,MyTaxiIndia,New Delhi
888,21-07-2016,AbeRuk,Bangalore
889,21-07-2016,Wiwigo,Bangalore
890,21-07-2016,Drums Food,Mumbai
891,01-06-2016,Chikoop,Indore
892,01-06-2016,BRIDGEi2I,Bangalore
893,02-06-2016,Droom,New Delhi
894,02-06-2016,Visit,New Delhi
895,02-06-2016,Atomberg,Mumbai
896,02-06-2016,Coutloot,Mumbai
897,02-06-2016,Limo,Mumbai
898,03-06-2016,iCliniq,Bangalore
899,03-06-2016,GoGo Truck,Chennai
900,03-06-2016,Vyome Biosciences,New Delhi
901,06-06-2016,SillyMonks,Hyderabad
902,07-06-2016,CueMath,Bangalore
903,07-06-2016,KrazyBee,Bangalore
904,07-06-2016,Intgrea,Bangalore
905,07-06-2016,HelpShift,Pune
906,07-06-2016,CreditVidya,Mumbai
907,08-06-2016,Grey Campus,Hyderabad
908,08-06-2016,ListUp,Mumbai
909,08-06-2016,6Degree,Mumbai
910,08-06-2016,Shopwati,Gurgaon
911,08-06-2016,Cookifi,Bangalore
912,08-06-2016,StoreKing,Bangalore
913,08-06-2016,Wired Hub,Jaipur
914,08-06-2016,MySeniorDoctor,Gurgaon
915,09-06-2016,Teabox,Siliguri
916,09-06-2016,ExtraaEdge,Pune
917,09-06-2016,EPayLater,Mumbai
918,10-06-2016,Kyazoonga,Mumbai
919,10-06-2016,Paytunes,New Delhi
920,10-06-2016,Kickstart Jobs,Gurgaon
921,10-06-2016,Freshee,Mumbai
922,10-06-2016,MadRat Games,Bangalore
923,11-06-2016,Jazzmyride,New Delhi
924,11-06-2016,AutoSense,New Delhi
925,11-06-2016,Redsun Telematics,Chennai
926,13-06-2016,KhanaGadi,Jaipur
927,13-06-2016,Bombay Shirt Company,Mumbai
928,13-06-2016,Matrubharti, 
929,14-06-2016,EdTechReview,New Delhi
930,14-06-2016,Bonhomia,New Delhi
931,14-06-2016,Gobolt,New Delhi
932,14-06-2016,Jivox,Bangalore
933,14-06-2016,Sminq,Pune
934,14-06-2016,CureJoy,Bangalore
935,15-06-2016,Oneway.cab,Vadodara
936,15-06-2016,GrabOnRent,Bangalore
937,16-06-2016,Diro Labs,New Delhi
938,16-06-2016,Unnati Helpers,Gurgaon
939,16-06-2016,Athletto,Bangalore
940,16-06-2016,Saavn,USA
941,16-06-2016,Voonik,Bangalore
942,16-06-2016,ThinkPhi,Mumbai
943,17-06-2016,Cleartax,New Delhi
944,17-06-2016,Silvan Innovation Labs,Bangalore
945,17-06-2016,GreytHR,Bangalore
946,17-06-2016,Duffl,Bangalore
947,17-06-2016,BYG,Bangalore
948,20-06-2016,Dipper,New Delhi
949,20-06-2016,Qonfuse,New Delhi
950,20-06-2016,The Indian IRIS,Ahmedabad
951,21-06-2016,Onspoon,Mumbai
952,21-06-2016,REstate,Bangalore
953,21-06-2016,Cleartrip,Mumbai
954,21-06-2016,ProcMart,Noida
955,21-06-2016,Celerix,Bangalore
956,21-06-2016,NatureNama,Mumbai
957,21-06-2016,CyclopsMedtech,Bangalore
958,21-06-2016,Syona Cosmetics,Chennai
959,21-06-2016,PrettySecrets,Mumbai
960,22-06-2016,SpiderG,Pune
961,23-06-2016,FarEye,New Delhi
962,23-06-2016,The Uolo,Bangalore
963,23-06-2016,Staqu,Gurgaon
964,23-06-2016,Padhopadhao,New Delhi
965,24-06-2016,Drivify,Mumbai
966,24-06-2016,PratiLipi,Bangalore
967,24-06-2016,ParaBlu,Bangalore
968,24-06-2016,Schedulers Logistics,Mumbai
969,24-06-2016,LEAP India,Mumbai
970,24-06-2016,KabadiExpress,New Delhi
971,27-06-2016,YourDost,Bangalore
972,27-06-2016,Gomalon,Bangalore
973,27-06-2016,Voler Cars,New Delhi
974,27-06-2016,Travelyaari,Bangalore
975,28-06-2016,FabHotels,Gurgaon
976,28-06-2016,Locanix,Ahmedabad
977,28-06-2016,LendingKart,Ahmedabad
978,28-06-2016,Hello Tax,New Delhi
979,28-06-2016,MySuperBrain,Hyderabad
980,28-06-2016,BlogBeats,Bangalore
981,29-06-2016,LetReach,New Delhi
982,29-06-2016,TrendieApp,Kolkata
983,29-06-2016,ImpactGuru,Mumbai
984,29-06-2016,Velvetcase,Mumbai
985,30-06-2016,Meru Cabs,Mumbai
986,30-06-2016,Campus Diaries,Bangalore
987,30-06-2016,Scripbox,Bangalore
988,30-06-2016,Biryani Blues,Gurgaon
989,01-05-2016,MotoMojo,Mumbai
990,01-05-2016,Get My Parking,New Delhi
991,01-05-2016,Prescribez,Pune
992,02-05-2016,Airwood,Chennai
993,03-05-2016,Mobikwik,Gurgaon
994,03-05-2016,iDreamCareer,New Delhi
995,03-05-2016,Zwayam,Bangalore
996,03-05-2016,BoiBanit,Vadodara
997,03-05-2016,Zuver,Mumbai
998,03-05-2016,Prepathon,Mumbai
999,04-05-2016,EasyRoads,Mumbai
1000,04-05-2016,Lenskart,New Delhi
1001,04-05-2016,Seclore,Mumbai
1002,04-05-2016,SolarTown,Chennai
1003,04-05-2016,Comarete,Pune
1004,04-05-2016,MyDentistChoice,Hyderabad
1005,04-05-2016,Active.ai,Singapore
1006,04-05-2016,Affordplan,New Delhi
1007,04-05-2016,Indee,Bangalore
1008,05-05-2016,Unbxd,New Delhi
1009,05-05-2016,WebAlligator,Bangalore
1010,06-05-2016,EduAce Services,Lucknow
1011,06-05-2016,Meesho,Bangalore
1012,07-05-2016,Zebroads,Hyderabad
1013,09-05-2016,Locus,Bangalore
1014,09-05-2016,Toko Innovations,Bangalore
1015,09-05-2016,Rentickle,New Delhi
1016,10-05-2016,HealthifyMe,Bangalore
1017,10-05-2016,Zarget,Chennai
1018,10-05-2016,InnoNano Research,Chennai
1019,10-05-2016,SchoolWear,Mumbai
1020,10-05-2016,Swiggy,Bangalore
1021,11-05-2016,Zenify,Bangalore
1022,11-05-2016,Faircent,Gurgaon
1023,11-05-2016,Fractal Analytics,Mumbai
1024,12-05-2016,Unacademy,Bangalore
1025,12-05-2016,Capital Float,Bangalore
1026,12-05-2016,Life Circle,Hyderabad
1027,12-05-2016,Dream Wallets,Jaipur
1028,12-05-2016,ShabdNagari,Kanpur
1029,12-05-2016,Galleri5,Bangalore
1030,12-05-2016,Derbii,Gurgaon
1031,13-05-2016,StayZilla,Chennai
1032,13-05-2016,WoW Express,Mumbai
1033,16-05-2016,Smartivity,Delhi
1034,16-05-2016,BedBathMore,Mumbai
1035,17-05-2016,Murgency,Mumbai
1036,17-05-2016,Crownit,Gurgaon
1037,17-05-2016,Blinge,Mumbai
1038,18-05-2016,TheSmartQ,Bangalore
1039,18-05-2016,PurpleHealth,Trivandrum
1040,18-05-2016,Fundamentor,Pune
1041,18-05-2016,EduPristine,Mumbai
1042,18-05-2016,BhiveWorkspace,Bangalore
1043,18-05-2016,Parentlane,Bangalore
1044,19-05-2016,Appie,Mumbai
1045,19-05-2016,Niki.ai,Bangalore
1046,19-05-2016,TaxiVaxi,New Delhi
1047,19-05-2016,Veqta,New Delhi
1048,20-05-2016,i2ifunding,Noida
1049,23-05-2016,EduRev,Gurgaon
1050,23-05-2016,Hoppingo,New Delhi
1051,24-05-2016,Eatonomist,Gurgaon
1052,24-05-2016,Goalwise,Bangalore
1053,25-05-2016,Roast,New Delhi
1054,25-05-2016,Address Health,Bangalore
1055,25-05-2016,Arcatron Mobility,Pune
1056,25-05-2016,SheThePeople,New Delhi
1057,26-05-2016,Cleartax,Bangalore
1058,26-05-2016,Consure Medical,New Delhi
1059,26-05-2016,mChamp,New Delhi
1060,27-05-2016,Pianta,Bangalore
1061,30-05-2016,Vahanalytics,Mumbai
1062,31-05-2016,Play Your Sport,New Delhi
1063,31-05-2016,Koovs,New Delhi
1064,31-05-2016,CCavenue,Mumbai
1065,31-05-2016,1mg,Gurgaon
1066,31-05-2016,Tpot,Gurgaon
1067,31-05-2016,MachaDalo,Mumbai
1068,01-04-2016,Dil Mil,SFO / Bangalore
1069,01-04-2016,PicsDream,Delhi
1070,01-04-2016,Process 9,Gurgaon
1071,04-04-2016,Housing,Mumbai
1072,04-04-2016,Roll Mafia,Pune
1073,04-04-2016,Hungama,Mumbai
1074,04-04-2016,Highway Delite,Bangalore
1075,05-04-2016,Cult Fitness,Bangalore
1076,05-04-2016,Haptik,Mumbai
1077,05-04-2016,Servify,Mumbai
1078,06-04-2016,Shipsy,Gurgaon
1079,06-04-2016,gear6,Bangalore
1080,06-04-2016,MyGlamm,Mumbai
1081,06-04-2016,Petoo,Bangalore
1082,07-04-2016,Truly Social,London
1083,08-04-2016,Little Black Book,New Delhi
1084,08-04-2016,Vahan,Chennai
1085,08-04-2016,imedilane,New Delhi
1086,11-04-2016,Living Local,Mumbai
1087,11-04-2016,Vegfru,New Delhi
1088,11-04-2016,Oyo,New Delhi
1089,11-04-2016,PriceRaja,Gurgaon
1090,12-04-2016,MagicX,Bangalore
1091,12-04-2016,Happydemic,Mumbai
1092,12-04-2016,LenDenClub,Mumbai
1093,12-04-2016,Indi.com, 
1094,13-04-2016,Legalraasta,New Delhi
1095,13-04-2016,RainCan,Pune
1096,13-04-2016,Hippily,Mumbai
1097,13-04-2016,kredX,Bangalore
1098,14-04-2016,Wedwise,New Delhi
1099,14-04-2016,BeaconsTalk,Mumbai
1100,15-04-2016,Deal 4Loans,Noida
1101,15-04-2016,RenewBuy,New Delhi
1102,15-04-2016,Blue Box Media,Jaipur
1103,15-04-2016,Vyomo,New Delhi
1104,15-04-2016,Organicshop,Jaipur
1105,15-04-2016,MInd Your Fleet,Noida
1106,15-04-2016,NestAway,Bangalore
1107,15-04-2016,Tapchief,Bangalore
1108,18-04-2016,Rapido,Bangalore
1109,18-04-2016,Yufta,Bangalore
1110,18-04-2016,Smytten,Gurgaon
1111,18-04-2016,Houssup,Jaipur
1112,18-04-2016,Jugnoo,Chandigarh
1113,18-04-2016,Tork Motocycles,Pune
1114,19-04-2016,Betaout,Noida
1115,19-04-2016,DriversCart,Chennai
1116,19-04-2016,LensKart,New Delhi
1117,19-04-2016,CollegeDekho,New Delhi
1118,19-04-2016,OYOfit,Bangalore
1119,19-04-2016,Oliveboard,Bangalore
1120,19-04-2016,Simplilearn,Bangalore
1121,20-04-2016,1mg,Gurgaon
1122,20-04-2016,Fashalot,New Delhi
1123,20-04-2016,Broomberg,New Delhi
1124,21-04-2016,m.paani,Mumbai
1125,21-04-2016,Yufta,Jaipur
1126,21-04-2016,mishTag,New Delhi
1127,21-04-2016,Advanced Structures India,Bangalore
1128,22-04-2016,Licious,Bangalore
1129,22-04-2016,Knolskae,Bangalore
1130,22-04-2016,Druva,Pune
1131,22-04-2016,TOKO Innovation Studios,New Delhi
1132,25-04-2016,Commut,Hyderabad
1133,25-04-2016,intouchapp,Pune
1134,25-04-2016,Dropkaffe,Bangalore
1135,26-04-2016,Transerv,Mumbai
1136,26-04-2016,ClearTax,Bangalore
1137,26-04-2016,Roposo,Gurgaon
1138,27-04-2016,MilkBasket,Gurgaon
1139,27-04-2016,CareonGO, 
1140,27-04-2016,RailYatri,Noida
1141,27-04-2016,ICHR,New Delhi
1142,27-04-2016,Murgency,Mumbai
1143,28-04-2016,The Wedding Brigade,Mumbai
1144,28-04-2016,DocsApp,Bangalore
1145,29-04-2016,Impact Guru,Mumbai
1146,29-04-2016,LetReach,New Delhi
1147,01-03-2016,DriveU,Bangalore
1148,01-03-2016,Gympik,Bangalore
1149,01-03-2016,Testbook,Mumbai
1150,01-03-2016,IQlect,Bangalore
1151,02-03-2016,MoMark,Noida
1152,02-03-2016,Skedool,Seattle / Bangalore
1153,02-03-2016,Systemantics,Bangalore
1154,03-03-2016,Vertuals,Mumbai
1155,03-03-2016,Imarticus Learning,Mumbai
1156,03-03-2016,Shouut,New Delhi
1157,04-03-2016,TinyStep,Bangalore
1158,04-03-2016,Aahaa,Chennai
1159,04-03-2016,Arcatron Mobility,Pune
1160,04-03-2016,FTCash,Kolkata
1161,04-03-2016,Civilsdaily,New Delhi
1162,04-03-2016,Zappka,Gurgaon
1163,04-03-2016,Tarusa World,Mumbai
1164,04-03-2016,medECUBE,Gurgaon
1165,07-03-2016,N.O.W,Noida
1166,07-03-2016,Ninjacart,Bangalore
1167,07-03-2016,Reach,Bangalore
1168,07-03-2016,Vanity Cube,New Delhi
1169,07-03-2016,Wooplr,Bangalore
1170,07-03-2016,Medidaili,Bangalore
1171,08-03-2016,Finomena,New Delhi
1172,08-03-2016,Cookaroo,Bangalore
1173,08-03-2016,vPhrase Analytics,Mumbai
1174,08-03-2016,LoveCycles,Bangalore
1175,08-03-2016,Kartrocket,New Delhi
1176,08-03-2016,dunzo,Bangalore
1177,09-03-2016,Indiamart,Noida
1178,09-03-2016,SmartVizX,Noida
1179,09-03-2016,MyGubbi,Bangalore
1180,09-03-2016,Nukkad Shops,Hyderabad
1181,09-03-2016,Cloudacar,Pune
1182,09-03-2016,Justride,Mumbai
1183,09-03-2016,Yana,Gurgaon
1184,10-03-2016,Big Fish Ventures,New Delhi
1185,10-03-2016,Stylflip,Mumbai
1186,10-03-2016,Icertis,Pune/Seattle
1187,10-03-2016,Supplified,New Delhi
1188,11-03-2016,JollyFoodFellow,Ahmedabad
1189,14-03-2016,PinkBlue,Bangalore
1190,14-03-2016,TruckingCube,New Delhi
1191,14-03-2016,eSwasthya,Ahmedabad
1192,15-03-2016,FlipClass,Bangalore
1193,15-03-2016,Proximit,Pune
1194,15-03-2016,WithMe,Gurgaon
1195,16-03-2016,Gapoon,Bangalore
1196,16-03-2016,Avagmah,Bangalore
1197,16-03-2016,WorkIndia,Mumbai
1198,16-03-2016,Wealthy,Bangalore
1199,17-03-2016,Pramati,Noida
1200,17-03-2016,Qlivery,Gurgaon
1201,17-03-2016,HealthEnablr,Mumbai
1202,17-03-2016,Liftiee,Mumbai
1203,18-03-2016,Hello Curry,Hyderabad
1204,19-03-2016,goSporto,New Delhi
1205,21-03-2016,OneClickWash,Gurgaon
1206,21-03-2016,Girnar Software,Jaipur
1207,21-03-2016,Room On Call,Gurgaon
1208,22-03-2016,Byju’s,Bangalore
1209,22-03-2016,BigBasket,Bangalore
1210,22-03-2016,DrivoJoy,Bangalore
1211,22-03-2016,Smartron,Bangalore
1212,22-03-2016,LifCare,Jaipur
1213,22-03-2016,CreditSeva,Hyderabad
1214,22-03-2016,CityShor,Ahmedabad
1215,23-03-2016,Endless Robotics,Hyderabad
1216,23-03-2016,SP Robotics,Chennai
1217,23-03-2016,StalkBuyLove,New Delhi
1218,23-03-2016,eKincare,Hyderabad
1219,23-03-2016,HashLearn, 
1220,23-03-2016,Wheelstreet,Bangalore
1221,24-03-2016,Horntell,Gurgaon
1222,28-03-2016,Schoolkart,Noida
1223,29-03-2016,HealthEminds,Bangalore
1224,29-03-2016,Babygogo,New Delhi
1225,29-03-2016,Veritas Finance,Chennai
1226,29-03-2016,QikShip,New Delhi
1227,29-03-2016,FixNix,Chennai
1228,30-03-2016,True Balance,Gurgaon
1229,30-03-2016,Touchkin,Bangalore
1230,31-03-2016,SwitchMe,Mumbai
1231,31-03-2016,Transcell,Hyderabad
1232,01-02-2016,Blue Tokai Coffee,New Delhi
1233,02-02-2016,Altizone,Pune
1234,02-02-2016,Oust App,Bangalore
1235,02-02-2016,Strike,Bangalore
1236,02-02-2016,MaaxMarket, 
1237,02-02-2016,Gamooz,Gurgaon
1238,02-02-2016,SoundSurround,Mumbai
1239,03-02-2016,Mazkara,Pune / Dubai
1240,03-02-2016,RoadGods,New Delhi
1241,03-02-2016,Pindropmusic,Noida
1242,03-02-2016,Woodpie,Bangalore
1243,04-02-2016,Perfumery,New Delhi
1244,05-02-2016,Magic Crate,Bangalore
1245,05-02-2016,ZenDrive,Bangalore / SFO
1246,05-02-2016,Smartcooky,New Delhi
1247,05-02-2016,Turtlemint,Mumbai
1248,05-02-2016,BHIVE,Bangalore
1249,05-02-2016,Gingercrush,Vadodara
1250,05-02-2016,American Vision,Pune
1251,05-02-2016,DawaiLelo,Varanasi
1252,06-02-2016,Heads Up For Tails,New Delhi
1253,06-02-2016,LiveNutriFit,New Delhi
1254,08-02-2016,Moglix,New Delhi
1255,08-02-2016,iStyleYou,Gurgaon
1256,08-02-2016,AdUrCup,New Delhi
1257,08-02-2016,Weddingz,Mumbai
1258,08-02-2016,Urban Dhobi,Jaipur
1259,08-02-2016,Gray Routes,Mumbai
1260,08-02-2016,Xpressbees,Pune
1261,08-02-2016,Invictus Oncology,New Delhi
1262,08-02-2016,Hansel.io,Bangalore
1263,09-02-2016,Inc42,New Delhi
1264,09-02-2016,GOQii,Mumbai
1265,10-02-2016,Capzest,Mumbai
1266,10-02-2016,GlamStudios,Noida
1267,10-02-2016,Affimity,Bangalore
1268,10-02-2016,Anandakanda,Pune
1269,10-02-2016,JoulestoWatts,Bangalore
1270,10-02-2016,Shopkirana,Indore
1271,10-02-2016,Stylofie,Gurgaon
1272,10-02-2016,OyBob,Gurgaon
1273,12-02-2016,ActOnMagic,Bangalore
1274,12-02-2016,Bonhomia,New Delhi
1275,12-02-2016,iGrenEnergi,Mumbai
1276,12-02-2016,RKSV,Mumbai
1277,15-02-2016,Aasaanjobs,Mumbai
1278,15-02-2016,Snapdeal,New Delhi
1279,15-02-2016,Jugnoo,Chandigarh
1280,15-02-2016,Snapbizz,Bangalore
1281,15-02-2016,GoYaNo,Gurgaon
1282,15-02-2016,RentSher,Bangalore
1283,15-02-2016,Buddy,Bangalore
1284,15-02-2016,Legistify,New Delhi
1285,16-02-2016,TableHero,Bangalore
1286,16-02-2016,BetterPlace,Bangalore
1287,16-02-2016,Salebhai,Ahmedabad
1288,16-02-2016,icustommadeit,Pune
1289,16-02-2016,Tring,Pune
1290,16-02-2016,Medinfi,Bangalore
1291,17-02-2016,Timemytask,Mumbai
1292,17-02-2016,GameZop,New Delhi
1293,17-02-2016,Notary Mama,Bangalore
1294,17-02-2016,The Viral Fever,Mumbai
1295,17-02-2016,Avanti Learning,New Delhi
1296,17-02-2016,Bollant Industries,Hyderabad
1297,18-02-2016,GetVee,New Delhi
1298,18-02-2016,HealthKumbh,Ahmedabad
1299,18-02-2016,Unlaze,Gurgaon
1300,18-02-2016,Tracxn,Bangalore
1301,18-02-2016,Careongo,New Delhi
1302,18-02-2016,Ark Robot,Bangalore
1303,19-02-2016,Jaypore,New Delhi
1304,19-02-2016,Finance Buddha,Bangalore
1305,19-02-2016,AlmaConnect,New Delhi
1306,19-02-2016,Advantage Club,Gurgaon
1307,19-02-2016,LocalRamu,Bangalore
1308,22-02-2016,Baby Berry,Bangalore
1309,22-02-2016,Magicpin,New Delhi
1310,22-02-2016,First Eat,New Delhi
1311,22-02-2016,SigTuple,Bangalore
1312,22-02-2016,Taskbob,Mumbai
1313,22-02-2016,Styledotme,New Delhi
1314,22-02-2016,NewsLaundry,New Delhi
1315,23-02-2016,CupoNation,Gurgaon
1316,23-02-2016,Aarav UAV,Kanpur
1317,24-02-2016,Sayfix,Bangalore
1318,24-02-2016,LoanZen,Bangalore
1319,24-02-2016,NoBroker,Bangalore
1320,24-02-2016,AppilyEver,Hyderabad
1321,24-02-2016,Pocketin,Noida
1322,24-02-2016,FeetApart,Bangalore
1323,25-02-2016,OfBusiness,Gurgaon
1324,25-02-2016,CarveNiche,Bangalore
1325,25-02-2016,Juspay,Bangalore
1326,25-02-2016,Funcart,New Delhi
1327,26-02-2016,Freedom Smart Labs,New Delhi
1328,26-02-2016,EduBridge,Mumbai
1329,29-02-2016,Nestaway,Bangalore
1330,29-02-2016,Hopscotch,Mumbai
1331,29-02-2016,PinClick,Bangalore
1332,01-01-2016,Smartcooky,New Delhi
1333,01-01-2016,Helpi,Mumbai
1334,04-01-2016,DogSpot,Gurgaon
1335,04-01-2016,Career360,New Delhi
1336,04-01-2016,B9 Beverages,New Delhi
1337,05-01-2016,WIMWI Foods,Ahmedabad
1338,05-01-2016,MyChild App,Bhopal
1339,05-01-2016,Instaproc,Noida
1340,05-01-2016,360Ride,Bangalore
1341,05-01-2016,AlefMobitech,Mumbai
1342,06-01-2016,Tracxn,Bangalore
1343,06-01-2016,Qdesq,Gurgaon
1344,06-01-2016,Sensara,Bangalore
1345,06-01-2016,Zebpay,Ahmedabad
1346,06-01-2016,PlanMyMedicalTrip,Pune
1347,06-01-2016,MyCity4Kids,Gurgaon
1348,06-01-2016,Justdakhila.com,New Delhi
1349,07-01-2016,PitStop,Bangalore
1350,07-01-2016,Bikxie,Gurgaon
1351,07-01-2016,Infurnia,Bangalore
1352,07-01-2016,Myly,Jaipur
1353,07-01-2016,MakeMyTrip,Gurgaon
1354,08-01-2016,Melorra,Bangalore
1355,08-01-2016,ConfirmTKT,Bangalore
1356,08-01-2016,Gyaanzone,Mumbai
1357,08-01-2016,FlatFurnish,Gurgaon
1358,09-01-2016,Lumiere,Bangalore
1359,11-01-2016,Koovs,Gurgaon
1360,11-01-2016,Wishup,New Delhi
1361,11-01-2016,FreshMenu,Bangalore
1362,11-01-2016,SavvyMob,Bangalore
1363,11-01-2016,Fashionablyin,Mumbai
1364,12-01-2016,Shopclues,Gurgaon
1365,12-01-2016,Hike Messenger,New Delhi
1366,12-01-2016,iBus Networks,Bangalore
1367,12-01-2016,Happy2Refer,Mumbai
1368,13-01-2016,CarTrade,Mumbai
1369,13-01-2016,Rentomo,Bangalore
1370,13-01-2016,Roder,New Delhi
1371,13-01-2016,Bucker,Hyderabad
1372,13-01-2016,Care24,Mumbai
1373,13-01-2016,Obino,Mumbai
1374,14-01-2016,Snapshopr,Bangalore
1375,14-01-2016,Buildkar,Bangalore
1376,14-01-2016,Orahi,Gurgaon
1377,14-01-2016,Zapr,Gurgaon
1378,15-01-2016,Remidio,Bangalore
1379,15-01-2016,Fitso,Gurgaon
1380,15-01-2016,evibe.in,Bangalore
1381,15-01-2016,Zoctr,Mumbai
1382,15-01-2016,Jobick,Noida
1383,16-01-2016,Plick,Mumbai
1384,18-01-2016,Voice Friends,Mumbai
1385,18-01-2016,Kartrocket,New Delhi
1386,19-01-2016,Swiggy,Bangalore
1387,19-01-2016,TinyStep,Bangalore
1388,19-01-2016,Cashkaro,Gurgaon
1389,19-01-2016,Gameezop,New Delhi
1390,19-01-2016,DailyObjects,New Delhi
1391,19-01-2016,Indus OS,Mumbai
1392,19-01-2016,CollegeDunia,New Delhi
1393,19-01-2016,Villgro,Chennai
1394,20-01-2016,Reddoorz,New Delhi
1395,20-01-2016,IndustryBuying,New Delhi
1396,20-01-2016,Just Buy Live,Mumbai
1397,20-01-2016,IMbesharam,New Delhi / US
1398,20-01-2016,Moodoo,Mumbai / UK
1399,20-01-2016,Saral Designs,Mumbai
1400,21-01-2016,FirstCry,Pune
1401,21-01-2016,Fisdom,Bangalore
1402,21-01-2016,Easypolicy,Noida
1403,21-01-2016,Housing.com,Mumbai
1404,21-01-2016,CREO,Bangalore
1405,22-01-2016,ShabdaNagari,Kanpur
1406,22-01-2016,Little,Bangalore
1407,22-01-2016,SnapBizz,Bangalore
1408,22-01-2016,Qlivery,Gurgaon
1409,22-01-2016,PlexusMD,Ahmedabad
1410,22-01-2016,Silvan,Bangalore
1411,22-01-2016,EPS,Mumbai
1412,22-01-2016,Qubole,Bangalore
1413,22-01-2016,Gajty,Gurgaon
1414,25-01-2016,SIFTR Labs,Mumbai
1415,25-01-2016,Power2SME,Gurgaon
1416,25-01-2016,SkyCandle,New Delhi
1417,27-01-2016,Teabox.com,Siliguri
1418,27-01-2016,Buildzar,Gurgaon
1419,27-01-2016,Applicate,Bangalore
1420,27-01-2016,WhatsOnRent,Bangalore
1421,28-01-2016,Zebi (yet to launch),Hyderabad
1422,28-01-2016,Truce,Mumbai
1423,28-01-2016,JustDoc,Bangalore
1424,28-01-2016,Myeglu,Bangalore
1425,29-01-2016,BitGiving,New Delhi
1426,29-01-2016,Qriyo,Jodhpur
1427,29-01-2016,N.O.W,Noida
1428,29-01-2016,Aisle,Bangalore
1429,29-01-2016,FreshMenu,Bangalore
1430,29-01-2016,Truebil,Mumbai
1431,29-01-2016,Rare Media,New Delhi
1432,29-01-2016,TinMen,Hyderabad
1433,29-01-2016,CodingLabs,Hyderabad
1434,30-01-2016,FindUrClass,Mumbai
1435,30-01-2016,DesignBids,New Delhi
1436,01-12-2015,CollegeDekho,Jaipur
1437,01-12-2015,Black White Orange Brands,Mumbai
1438,01-12-2015,Biteclub,Gurgaon
1439,01-12-2015,Patel Logistics,Mumbai
1440,01-12-2015,Wigzo,New Delhi
1441,01-12-2015,Zapluk,Hyderabad
1442,01-12-2015,Godof Hospitals,New Delhi
1443,02-12-2015,RoomsTonite,Bangalore
1444,02-12-2015,Kaaryah,New Delhi
1445,03-12-2015,Anakage,Bangalore
1446,03-12-2015,EasyKhaana,New Delhi
1447,03-12-2015,Shuttl,Gurgaon
1448,03-12-2015,Eckovation,New Delhi
1449,03-12-2015,Fitcircle,Mumbai
1450,04-12-2015,Applop,Kolkata
1451,04-12-2015,CaRPM,Gurgaon
1452,04-12-2015,NDTV Wedding portal,New Delhi
1453,04-12-2015,Splitkart,New Delhi
1454,07-12-2015,Zenatix,Gurgaon
1455,07-12-2015,Customfurnish,Hyderabad
1456,07-12-2015,Faasos,Pune
1457,07-12-2015,Vlurn,Mumbai
1458,07-12-2015,Leaf Wearables,New Delhi
1459,07-12-2015,Coolshare,Mumbai
1460,08-12-2015,mFicient,New Delhi
1461,08-12-2015,HeyBiz,New Delhi
1462,08-12-2015,Yumist,Gurgaon
1463,09-12-2015,Jigsaw Academy,Bangalore
1464,09-12-2015,JoeHukum,Gurgaon
1465,09-12-2015,Voxweb,Mumbai
1466,09-12-2015,Aye Finance,New Delhi
1467,09-12-2015,JumboBasket,Chandigarh
1468,10-12-2015,BlackBuck,Bangalore
1469,10-12-2015,HomeStudio,Bangalore
1470,10-12-2015,PropheSee,New Delhi
1471,10-12-2015,i2e1,New Delhi
1472,10-12-2015,Holisol Logistics,New Delhi
1473,10-12-2015,Stay Simple Resorts,Bangalore
1474,10-12-2015,Paynear,Hyderabad
1475,10-12-2015,Chillr,Mumbai
1476,11-12-2015,EureQa,Hyderabad/USA
1477,11-12-2015,LocalCircles,Noida
1478,11-12-2015,GetFocus,Mumbai
1479,11-12-2015,UrbanClap,Gurgaon
1480,11-12-2015,OnlineRTI,Bangalore
1481,11-12-2015,Powerstores,Goa
1482,11-12-2015,Weddingz.in,Mumbai
1483,11-12-2015,Intelligent Interfaces,Bangalore
1484,14-12-2015,Capricoast,Bangalore
1485,14-12-2015,JetSetGo,Bangalore
1486,14-12-2015,Cabsguru,New Delhi
1487,14-12-2015,Whoop,Boston
1488,15-12-2015,BookEventz,Mumbai
1489,15-12-2015,Deal Street Asia,Singapore
1490,15-12-2015,Streamoid,Bangalore / Palo Alto
1491,16-12-2015,Housejoy,Bangalore
1492,16-12-2015,Bluebirch,Bangalore
1493,16-12-2015,MeraDoctor,Mumbai
1494,16-12-2015,STAGE 3,New Delhi
1495,17-12-2015,Rivigo,Gurgaon
1496,17-12-2015,Springboard,Bangalore
1497,17-12-2015,Eatfresh,Bangalore
1498,18-12-2015,Ampere Vehicles,Coimbatore
1499,18-12-2015,Focus Digit,New Delhi
1500,18-12-2015,The News Minute,Bangalore
1501,18-12-2015,CBREX,Mumbai / NY
1502,21-12-2015,TruckMandi,New Delhi
1503,21-12-2015,Peppertap,Gurgaon
1504,21-12-2015,KOOH Sports,Mumbai
1505,22-12-2015,RentOnGo,Bangalore
1506,22-12-2015,Industrybuying,New Delhi
1507,22-12-2015,Zapr,Gurgaon
1508,22-12-2015,LatestOne,Hyderabad
1509,22-12-2015,PlanetGogo,Gurgaon
1510,22-12-2015,Arya.ai,Mumbai
1511,22-12-2015,Doctor Insta,Gurgaon
1512,22-12-2015,MobieFit,Goa
1513,23-12-2015,LafaLafa,Mumbai
1514,23-12-2015,Mech Mocha,Bangalore
1515,23-12-2015,Shotang.com,Bangalore
1516,23-12-2015,CityFurnish,Gurgaon
1517,24-12-2015,Black White Orange,Mumbai
1518,24-12-2015,Kolabro,Gurgaon
1519,24-12-2015,Canvera,Bangalore
1520,28-12-2015,Town Essentials,Bangalore
1521,28-12-2015,Bumper,Bangalore
1522,29-12-2015,Hotify,Bangalore
1523,29-12-2015,MobiKwik,Gurgaon
1524,30-12-2015,Intelligent Interfaces,Bangalore
1525,02-11-2015,Twigly,Gurgaon
1526,02-11-2015,CityFlo,Mumbai
1527,03-11-2015,Findyahan,Noida
1528,03-11-2015,Sabse,Mumbai
1529,03-11-2015,Pokkt,Mumbai
1530,03-11-2015,boibanit,Vadodara
1531,03-11-2015,Stuffed,Mumbai
1532,03-11-2015,LoanBaba,Mumbai
1533,03-11-2015,Deyor Rooms,New Delhi
1534,03-11-2015,Bidgely,USA/India
1535,04-11-2015,Shirsa Labs,Mumbai
1536,04-11-2015,Paytunes,New Delhi
1537,04-11-2015,YourDOST,Gwalior
1538,05-11-2015,BookMyBai,Mumbai
1539,05-11-2015,MyIndianStay,Goa
1540,05-11-2015,Bobble,New Delhi
1541,06-11-2015,RepUp,Gurgaon
1542,06-11-2015,Satvacart,Gurgaon
1543,06-11-2015,POPxo.com,New Delhi
1544,06-11-2015,SparesHub,Pune
1545,06-11-2015,Explara,Pune
1546,06-11-2015,Soothe Healthcare,Noida
1547,06-11-2015,Yuvi Hospitality,Gurgaon
1548,09-11-2015,AppVirality,Hyderabad
1549,09-11-2015,iStar Skill Development,Bangalore
1550,09-11-2015,BigStylist.com,Mumbai
1551,09-11-2015,Zilingo,Bangalore/ Bangkok
1552,09-11-2015,Didi,Mumbai
1553,09-11-2015,Skoov.com,Mumbai
1554,10-11-2015,Chefs Basket,Mumbai
1555,11-11-2015,Gingercrush,Vadodara
1556,11-11-2015,Delight Foods,Bangalore
1557,11-11-2015,6Degree,Goa/Hyderabad
1558,11-11-2015,RenewBuy,Gurgaon
1559,11-11-2015,Grab,Mumbai
1560,12-11-2015,Hitwicket,Hyderabad
1561,13-11-2015,Flashdoor,Bangalore
1562,16-11-2015,Cashkaro.com,Gurgaon
1563,16-11-2015,Absentia,Bangalore
1564,16-11-2015,Renowala,Hyderabad
1565,16-11-2015,TaskBucks,New Delhi
1566,17-11-2015,CraftsVilla,Mumbai
1567,17-11-2015,Julia Computing,Bangalore
1568,17-11-2015,StyleTag,Bangalore
1569,17-11-2015,Smytten,Gurgaon
1570,17-11-2015,BiBox,Bangalore
1571,17-11-2015,Convegenius,Noida / Singapore
1572,18-11-2015,Ola,Bangalore
1573,18-11-2015,Goodbox,Bangalore
1574,18-11-2015,ScoopWhoop,New Delhi
1575,18-11-2015,Hipship,Bangalore
1576,18-11-2015,Pickrr,New Delhi
1577,18-11-2015,Truelancer,New Delhi
1578,19-11-2015,AHA Taxis,Noida
1579,19-11-2015,UrbanClap,Gurgaon
1580,19-11-2015,SenseGiz,Belgaum
1581,19-11-2015,PlaceofOrigin,Bangalore
1582,19-11-2015,Fourseven,New Delhi
1583,20-11-2015,MindTickle,Pune / US
1584,20-11-2015,Shopsense,Mumbai
1585,20-11-2015,Medinfi,Bangalore
1586,20-11-2015,OUWT,Mumbai
1587,20-11-2015,HeyPillow,Bangalore
1588,21-11-2015,Healers At Home,New Delhi
1589,21-11-2015,Caravan Craft,Bangalore
1590,21-11-2015,Talkoot,Bangalore
1591,23-11-2015,RentoMojo,Bangalore
1592,23-11-2015,Medikoe,Bangalore
1593,24-11-2015,Stylofie,Gurgaon
1594,24-11-2015,ServX,New Delhi
1595,24-11-2015,Naaptol,Mumbai
1596,24-11-2015,Crayon Data,Chennai/ Singapore
1597,25-11-2015,EarlySalary.com,Mumbai
1598,25-11-2015,Tooler,New Delhi
1599,25-11-2015,S Chand,New Delhi
1600,26-11-2015,Stelae,Chennai
1601,26-11-2015,GoQii,Mumbai
1602,26-11-2015,Grofers,Gurgaon
1603,26-11-2015,Pluss,Gurgaon
1604,26-11-2015,KountMoney,Bangalore
1605,27-11-2015,StayGlad,Bangalore
1606,27-11-2015,JustRide,Mumbai
1607,27-11-2015,Fastudent,Noida
1608,27-11-2015,LearnOn,Chennai
1609,27-11-2015,Talentrack,New Delhi
1610,28-11-2015,M-TAXI,Gurgaon
1611,30-11-2015,Baxi,Gurgaon
1612,30-11-2015,Superhero Brands,Mumbai
1613,30-11-2015,MoMagic,New Delhi
1614,30-11-2015,QikPod,Bangalore
1615,30-11-2015,Butterfly Interactive,New Delhi
1616,30-11-2015,Bro4U,Bangalore
1617,01-10-2015,Indifi,Gurgaon
1618,01-10-2015,Wydr,New Delhi
1619,01-10-2015,EasyFix,Gurgaon
1620,01-10-2015,Muvizz,Singapore
1621,01-10-2015,Abhibus,Hyderabad
1622,01-10-2015,Cleartax,New Delhi
1623,02-10-2015,Shopalyst,Bangalore
1624,03-10-2015,Chillr,Mumbai
1625,05-10-2015,Nykaa,Mumbai
1626,05-10-2015,Voylla,Jaipur
1627,05-10-2015,IndiaLends,New Delhi
1628,05-10-2015,Rock N Shop,New Delhi
1629,06-10-2015,DocPlexus,Pune
1630,06-10-2015,WorkIndia,Mumbai
1631,06-10-2015,SportzVillage,Bangalore
1632,06-10-2015,SportyBeans,Pune
1633,06-10-2015,Burger Singh,Gurgaon
1634,06-10-2015,Welcome Cure,Mumbai
1635,07-10-2015,SchoolGuru,Mumbai
1636,07-10-2015,Naturally Yours,Mumbai
1637,07-10-2015,GoJavas,Gurgaon
1638,07-10-2015,Scandid,Pune
1639,07-10-2015,StalkBuyLove,New Delhi
1640,08-10-2015,ZuperMeal,Mumbai
1641,08-10-2015,Cube26,New Delhi
1642,08-10-2015,Mobikon,Pune / Singapore
1643,08-10-2015,Grabhouse,Bangalore
1644,08-10-2015,Quifers,Mumbai
1645,09-10-2015,Stockroom.io,Hyderabad
1646,09-10-2015,Curofy,New Delhi
1647,09-10-2015,Cloud Lending,Bangalore / San Mateo
1648,09-10-2015,Inayo,Mumbai
1649,09-10-2015,WoNoBo,Bangalore
1650,09-10-2015,Kulzy,New Delhi
1651,09-10-2015,Zeppery,New Delhi
1652,12-10-2015,Zify,Hyderabad
1653,12-10-2015,Faircent,Gurgaon
1654,12-10-2015,Bizongo,Mumbai
1655,12-10-2015,Gridle,Ahmedabad
1656,12-10-2015,Tripoto,New Delhi
1657,12-10-2015,Mubble,Bangalore
1658,13-10-2015,Voodoo,New Delhi
1659,13-10-2015,Lookup,Bangalore
1660,14-10-2015,AskMyGift,Noida
1661,14-10-2015,Gaana.com,Mumbai
1662,14-10-2015,Zappfresh,Gurgaon
1663,14-10-2015,GymTrekker,Mumbai
1664,15-10-2015,Bounty App,Bangalore
1665,16-10-2015,Homers.in,Gurgaon
1666,16-10-2015,mShipper,New Delhi
1667,16-10-2015,BolRealty,New Delhi
1668,17-10-2015,S-Cube Futuretech,Mumbai
1669,19-10-2015,LetsVenture,Bangalore
1670,19-10-2015,Citrus Payment,Mumbai
1671,19-10-2015,Holidify,New Delhi
1672,20-10-2015,PrimaSeller,Bangalore
1673,20-10-2015,Opinio,Bangalore
1674,20-10-2015,Attune Technologies,Chennai
1675,20-10-2015,iChef.in,Mumbai
1676,21-10-2015,Jiyo Natural,Bangalore
1677,21-10-2015,AgentDesks,New York/ India
1678,21-10-2015,White Owl Brewery,Mumbai
1679,21-10-2015,MealHopper,Gurgaon
1680,21-10-2015,Zenify.in,Bangalore
1681,21-10-2015,Stockal,Bangalore
1682,23-10-2015,Medd,Mumbai
1683,23-10-2015,Leaping Caravan,Gurgaon
1684,23-10-2015,Frsh,Gurgaon
1685,23-10-2015,Qik Stay,New Delhi
1686,26-10-2015,Parcelled,Bangalore
1687,26-10-2015,AlmaMapper,Ahmedabad
1688,26-10-2015,Flexing It,New Delhi
1689,26-10-2015,Netmeds.com,Chennai
1690,26-10-2015,Razorpay,Jaipur
1691,27-10-2015,Jombay,Pune
1692,27-10-2015,Happitoo,Mumbai
1693,27-10-2015,Care24,Mumbai
1694,27-10-2015,Roadrunnr,Bangalore
1695,27-10-2015,Simpli5d,Gurgaon
1696,28-10-2015,ORIGA Leasing,Mumbai
1697,28-10-2015,Smartivity.in,New Delhi
1698,28-10-2015,UrDoorStep,Bangalore
1699,29-10-2015,Tavaga,Mumbai
1700,29-10-2015,Moglix,Noida
1701,29-10-2015,ZopHop,Mumbai
1702,30-10-2015,Niki.ai,Bangalore
1703,30-10-2015,Instavans,Bangalore
1704,30-10-2015,LiftO,Mumbai
1705,30-10-2015,TinyOwl,Mumbai
1706,30-10-2015,Toppr.com,Mumbai
1707,30-10-2015,Kleeto,Gurgaon
1708,30-10-2015,BeaconsTalk,Mumbai
1709,31-10-2015,Jugnoo,Chandigarh
1710,01-09-2015,TOFlo,Mumbai
1711,01-09-2015,FXMartIndia,Chandigarh
1712,01-09-2015,Stylecracker,Mumbai
1713,01-09-2015,Luxuryhues,Gurgaon
1714,02-09-2015,HolaChef,Mumbai
1715,02-09-2015,Zivame,Bangalore
1716,02-09-2015,Capillary Tech,New Delhi
1717,03-09-2015,Jobspire,Bangalore
1718,03-09-2015,MeraDoctor,Mumbai
1719,03-09-2015,Vistaar Finance,Bangalore
1720,03-09-2015,HiJinny,Mumbai
1721,04-09-2015,Clapsnslaps,Mumbai
1722,04-09-2015,Blubox,Mumbai
1723,04-09-2015,RoomCentral,Bangalore
1724,07-09-2015,YouthKiAwaaz,New Delhi
1725,07-09-2015,Prozo,New Delhi
1726,07-09-2015,Zomato,Gurgaon
1727,07-09-2015,Sahayog Dairy,Bhopal
1728,08-09-2015,MockBank,Bangalore
1729,08-09-2015,ReportBee,Chennai
1730,08-09-2015,GuruG Learning,Bangalore
1731,10-09-2015,OnlineTyari,Gurgaon
1732,10-09-2015,IndustryBuying,New Delhi
1733,10-09-2015,The/Nudge Foundation,Bangalore
1734,11-09-2015,FitMeIn,New Delhi
1735,11-09-2015,Envoged,Mumbai
1736,11-09-2015,Zapyle,Bangalore
1737,11-09-2015,Renomania,New Delhi
1738,12-09-2015,CredR,Mumbai
1739,12-09-2015,YatraGenie,Hyderabad
1740,14-09-2015,CanvasFlip,Hyderabad
1741,14-09-2015,Shadowfax,Gurgaon
1742,14-09-2015,UE Life Sciences,US/India
1743,14-09-2015,Ola Cabs,Bangalore
1744,15-09-2015,Coverfox,Mumbai
1745,15-09-2015,MoEngage,Bangalore
1746,15-09-2015,Mubble,Bangalore
1747,15-09-2015,Tea Trails,Mumbai
1748,15-09-2015,Room on Call,Noida
1749,15-09-2015,FYNE,Bangalore
1750,16-09-2015,ChaiPoint,Bangalore
1751,16-09-2015,WedmeGood.com,Gurgaon
1752,16-09-2015,XSTOK,Mumbai
1753,17-09-2015,UniLog,Bangalore
1754,17-09-2015,Paintcollar,Mumbai
1755,17-09-2015,YepMe,Gurgaon
1756,17-09-2015,Bueno,Gurgaon
1757,18-09-2015,Plabro,New Delhi
1758,18-09-2015,CureJoy,Bangalore
1759,18-09-2015,Briston Technomach,New Delhi
1760,18-09-2015,LabStreet,Gurgaon
1761,19-09-2015,DailyNinja,Bangalore
1762,21-09-2015,Portea Medical,Bangalore
1763,21-09-2015,Neotrade Analytics,Bangalore
1764,21-09-2015,DishCo,Mumbai
1765,21-09-2015,LafaLafa,Mumbai
1766,21-09-2015,ConnectAbank,Mumbai
1767,22-09-2015,VillFarm,Bangalore
1768,22-09-2015,Bestdealfinance,Mumbai
1769,22-09-2015,GameXS.in,New Delhi
1770,22-09-2015,The Man Company,New Delhi
1771,22-09-2015,Virtual Logic,Bangalore
1772,22-09-2015,Furdo,Bangalore
1773,22-09-2015,LogiNext,Mumbai
1774,22-09-2015,Korra,New Delhi
1775,23-09-2015,Credihealth,Gurgaon
1776,23-09-2015,Amigobulls,Bangalore
1777,23-09-2015,SilverPush,Gurgaon / SFO
1778,23-09-2015,Juggernaut,New Delhi
1779,23-09-2015,InnerChef,New Delhi
1780,24-09-2015,Quintype,Bangalore
1781,24-09-2015,Capabiliti,Noida
1782,24-09-2015,Fourth Partner Energy,Hyderabad
1783,24-09-2015,Licious,Bangalore
1784,25-09-2015,TravelKhana,New Delhi
1785,28-09-2015,Quickli,New Delhi
1786,28-09-2015,Ola Cabs,Bangalore
1787,29-09-2015,Paytm,New Delhi
1788,29-09-2015,Inmobi,Bangalore
1789,29-09-2015,Peppertap,Gurgaon
1790,29-09-2015,Hugefly,Pune
1791,29-09-2015,Brigge,Chennai
1792,29-09-2015,Zakoopi,New Delhi
1793,29-09-2015,LoanCircle,Bangalore
1794,30-09-2015,Infoworks,Bangalore / USA
1795,30-09-2015,RedDoorz,Noida
1796,30-09-2015,FirstTouch,Gurgaon
1797,30-09-2015,Eywa Media,Bangalore
1798,01-08-2015,Snapdeal,New Delhi
1799,01-08-2015,Ressy,Pune
1800,03-08-2015,Cuelearn,New Delhi
1801,03-08-2015,Connect India,New Delhi
1802,03-08-2015,The Home Salon,Mumbai
1803,03-08-2015,Jusride,Mumbai
1804,03-08-2015,Oyorooms,New Delhi
1805,03-08-2015,Glowship,Bangalore
1806,03-08-2015,Wizrocket,Mumbai
1807,04-08-2015,Pickingo,New Delhi
1808,05-08-2015,Grex,Pune
1809,05-08-2015,LetsTransport,Bangalore
1810,05-08-2015,Zo Rooms,New Delhi
1811,05-08-2015,Doormint,Mumbai
1812,05-08-2015,NightStay,Noida
1813,05-08-2015,Zocalo,New Delhi
1814,05-08-2015,Sunday Realty Solutions,Mumbai
1815,06-08-2015,Klozee,Bangalore
1816,06-08-2015,Appvigil,Mumbai
1817,06-08-2015,practo,Bangalore
1818,06-08-2015,LoudShout,New Delhi
1819,06-08-2015,Wetravelsolo,New Delhi
1820,06-08-2015,Ketto,Mumbai
1821,06-08-2015,Ezetap,Bangalore
1822,06-08-2015,NDTV ecommerce venture,Mumbai
1823,07-08-2015,Carl’s Jr,Gurgaon
1824,07-08-2015,EasyRewardz,Mumbai
1825,07-08-2015,GIBSS,Mumbai
1826,07-08-2015,StoreMore.in,Noida
1827,07-08-2015,iOrderFresh,New Delhi
1828,10-08-2015,MyTaxiIndia,Gurgaon
1829,10-08-2015,eSadar,New Delhi
1830,10-08-2015,Actionable Analytics,New Delhi/ Houston
1831,10-08-2015,MyPoolin,New Delhi
1832,10-08-2015,NearBuy (previously  groupon India),New Delhi
1833,10-08-2015,Inkmonk,Chennai
1834,10-08-2015,ToneTag,Bangalore
1835,10-08-2015,Grey Orange,Gurgaon
1836,11-08-2015,Livspace,Bangalore
1837,11-08-2015,WOW! MOMO,Kolkata
1838,11-08-2015,RainCan,Pune
1839,11-08-2015,Allygrow Technologies,Mumbai
1840,11-08-2015,Infogain,New Delhi / US
1841,12-08-2015,OneAssist,Mumbai
1842,12-08-2015,BigBasket,Bangalore
1843,12-08-2015,Sheroes,Noida
1844,12-08-2015,Scripbox,Bangalore
1845,13-08-2015,betaout,Noida
1846,13-08-2015,IFMR Holdings,Chennai
1847,13-08-2015,Massblurb,Mumbai
1848,13-08-2015,Agrostar,Pune
1849,14-08-2015,VoxWeb,Mumbai
1850,14-08-2015,Trukky,Ahmedabad
1851,14-08-2015,VanityCube,New Delhi
1852,17-08-2015,Edu4Share,New Delhi
1853,17-08-2015,YourStory,Mumbai
1854,17-08-2015,Sampurnearth,Mumbai
1855,17-08-2015,Orobind,Bangalore
1856,17-08-2015,Fixy,Mumbai
1857,17-08-2015,MSM Box,New Delhi
1858,17-08-2015,ShadowFax,Gurgaon
1859,17-08-2015,Gadgets 360,New Delhi
1860,18-08-2015,Roposo,Gurgaon
1861,18-08-2015,IntelligenceNODE,Mumbai
1862,18-08-2015,HyperVerge,Chennai
1863,18-08-2015,Twyst,Gurgaon
1864,18-08-2015,IDfy,Mumbai
1865,18-08-2015,Zoojoo.be,Bangalore
1866,19-08-2015,Fashionove,Kolkata
1867,19-08-2015,TimeSaverz,Mumbai
1868,19-08-2015,Envoged,Mumbai
1869,19-08-2015,MebelKart,Bangalore
1870,20-08-2015,LabsAdvisor,New Delhi
1871,20-08-2015,Flatpebble,Hyderabad
1872,20-08-2015,Bluegape.com,New Delhi
1873,21-08-2015,ePoise,Bangalore
1874,24-08-2015,Jolly Food Fellow,Ahmedabad
1875,24-08-2015,BookMeIn,Mumbai
1876,24-08-2015,iZofy,Kolkata
1877,24-08-2015,rBus,Mumbai
1878,25-08-2015,Qyk App,Bangalore
1879,25-08-2015,EazyDiner,Gurgaon
1880,25-08-2015,RevX,Mumbai
1881,25-08-2015,ICustomMadeIt,Pune
1882,26-08-2015,PickMyLaundry,New Delhi
1883,26-08-2015,Belita,Mumbai
1884,26-08-2015,EzySolare,Ahmedabad
1885,26-08-2015,FoodTalkIndia,Gurgaon
1886,27-08-2015,InstaSafe,Bangalore
1887,27-08-2015,Eazy Coach,Kolkata
1888,27-08-2015,Djubo.com,New Delhi
1889,28-08-2015,BetterButter.in,New Delhi
1890,28-08-2015,Vyomo,Bangalore
1891,28-08-2015,RollMafia,Pune
1892,29-08-2015,iamwire,Gurgaon
1893,31-08-2015,DropKaffe,Bangalore
1894,31-08-2015,Reverie,Bangalore
1895,31-08-2015,Infinite Analytics,Mumbai
1896,01-07-2015,Parcelled,Bangalore
1897,01-07-2015,Retigence Technologies,Mumbai
1898,01-07-2015,Cloudcherry Analytics,Chennai
1899,01-07-2015,HandyHome,Mumbai
1900,01-07-2015,iDreamCareer,New Delhi
1901,01-07-2015,Ola Cabs,Bangalore
1902,01-07-2015,NxtGen,Bangalore
1903,02-07-2015,BankBazaar,Chennai
1904,02-07-2015,Gozoomo,Bangalore
1905,02-07-2015,Zenatix,Gurgaon
1906,03-07-2015,CultureAlley,Jaipur
1907,03-07-2015,Goqii,Mumbai
1908,03-07-2015,Gingercrush,Ahmedabad
1909,04-07-2015,Elanic,Bangalore
1910,04-07-2015,Stitchwood,Mumbai
1911,05-07-2015,Urban Tailor,Bangalore
1912,06-07-2015,ConfirmtTkt,Bangalore
1913,06-07-2015,Paper Boat,Gurgaon
1914,06-07-2015,getNow,Nagpur
1915,07-07-2015,Wudstay,Gurgaon
1916,07-07-2015,Liases Foras,New Delhi
1917,07-07-2015,Eatlo,Bangalore
1918,07-07-2015,IndiaLends,New Delhi
1919,08-07-2015,Quinto,Pune
1920,08-07-2015,Saavn,Mumbai
1921,08-07-2015,Flytxt,Mumbai / Global
1922,08-07-2015,Axtria,India / US
1923,08-07-2015,33Coupons,Kanpur
1924,08-07-2015,Ampere,Coimbatore
1925,08-07-2015,Hopping Chef,Mumbai
1926,08-07-2015,Collectabillia,Bangalore
1927,08-07-2015,Lendingkart,Ahmedabad
1928,08-07-2015,Lybrate,New Delhi
1929,08-07-2015,Zoomcar,Bangalore
1930,09-07-2015,News in shorts,Noida
1931,09-07-2015,Bluestone,Bangalore
1932,09-07-2015,Shopsity,Gurgaon
1933,09-07-2015,Notesgen,New Delhi
1934,10-07-2015,Infinity Assurance,New Delhi
1935,10-07-2015,Footprints Education,Gurgaon
1936,10-07-2015,Loylty Rewards,Mumbai
1937,13-07-2015,Ameyo,Gurgaon
1938,13-07-2015,Mamagoto,New Delhi
1939,13-07-2015,Satvacart,Gurgaon
1940,14-07-2015,MySmartPrice,Hyderabad
1941,14-07-2015,Zenify,Bangalore
1942,14-07-2015,Boxmyspace,Mumbai
1943,14-07-2015,HackerRank,Bangalore
1944,14-07-2015,WickedRide,Bangalore
1945,14-07-2015,WoWexpress,Mumbai
1946,15-07-2015,Oyo Rooms,Gurgaon
1947,15-07-2015,Mobikon,Pune
1948,15-07-2015,InstaLively.com,New Delhi
1949,15-07-2015,Roadrunnr,Bangalore
1950,16-07-2015,Ketto,Mumbai
1951,17-07-2015,QuikWallet,Mumbai
1952,17-07-2015,Omnikart,Mumbai
1953,20-07-2015,Zo Rooms,New Delhi
1954,20-07-2015,Innoviti,Bangalore
1955,21-07-2015,ZenRadius,Bangalore
1956,21-07-2015,Joy by nature,New Delhi
1957,22-07-2015,Iqlect,Bangalore
1958,22-07-2015,deGustibus,Mumbai
1959,23-07-2015,Nestaway,Bangalore
1960,23-07-2015,Mswipe, 
1961,23-07-2015,Myonsto,Ahmedabad
1962,23-07-2015,iCrushiFlush,Mumbai
1963,23-07-2015,MedGenome,Bangalore
1964,23-07-2015,HolidayIQ,Bangalore
1965,23-07-2015,Fitternity,Mumbai
1966,23-07-2015,Quikr,Mumbai
1967,23-07-2015,JetSetGo,New Delhi
1968,24-07-2015,BroEx,Gurgaon
1969,25-07-2015,Shopatplaces,New Delhi
1970,25-07-2015,CredR,Mumbai
1971,27-07-2015,ManageMySpa,Hyderabad
1972,27-07-2015,Townrush,Bangalore
1973,27-07-2015,Locus,Bangalore
1974,27-07-2015,Bevy,Bangalore
1975,28-07-2015,Pepperfry,Mumbai
1976,28-07-2015,Flipkart.com,Bangalore
1977,28-07-2015,Opinio,Bangalore
1978,28-07-2015,Zoctr,Mumbai
1979,29-07-2015,Zimmber,Mumbai
1980,29-07-2015,trueHb,New Delhi
1981,29-07-2015,Zovi.com / Little App,Bangalore
1982,29-07-2015,Swajal,Gurgaon
1983,30-07-2015,Pipa Bella,Mumbai
1984,30-07-2015,Pragmatix,Mumbai
1985,30-07-2015,Droom.in,New Delhi
1986,30-07-2015,MadRat Games,Bangalore
1987,30-07-2015,Noodle Play,Mumbai
1988,30-07-2015,Wassup,Chennai
1989,30-07-2015,Cartisan,Bangalore
1990,31-07-2015,LazyLad,Gurgaon
1991,31-07-2015,TripFactory,Bangalore
1992,31-07-2015,Prothom,Pune
1993,31-07-2015,Bona Vita,Gurgaon
1994,01-06-2015,Vyomo,New Delhi
1995,01-06-2015,Veeba Foods,New Delhi
1996,01-06-2015,Truebil,Mumbai
1997,01-06-2015,Meritnation,New Delhi
1998,01-06-2015,Eattreatonline,New Delhi
1999,01-06-2015,CredR,Mumbai
2000,01-06-2015,Glamrs,Mumbai
2001,01-06-2015,Proviera,Chennai
2002,01-06-2015,Arth DesignBuild,Hyderabad
2003,02-06-2015,Saama,Pune / US
2004,02-06-2015,AllIzHealth,Pune
2005,02-06-2015,Karma Healthcare,Udaipur
2006,03-06-2015,Entropy Innovations,Mumbai
2007,03-06-2015,Propstack,Mumbai
2008,03-06-2015,MyTaxiIndia,New Delhi
2009,03-06-2015,Arkin Net,Pune / US
2010,03-06-2015,Little Black Book Delhi,New Delhi
2011,03-06-2015,MyPoolin,New Delhi
2012,03-06-2015,iCustomadeit,Pune
2013,03-06-2015,KAARYAH,Gurgaon
2014,04-06-2015,Ecom Express,New Delhi
2015,04-06-2015,Vidooly,Noida
2016,04-06-2015,Zopper,Mumbai
2017,04-06-2015,Flipkart,Bangalore
2018,05-06-2015,kWatt Solutions,Mumbai
2019,05-06-2015,Medwell Ventures,Bangalore
2020,05-06-2015,Jugnoo,Chandigarh
2021,08-06-2015,PosterGully,New Delhi
2022,08-06-2015,Applied Solar Technologies,Mumbai
2023,09-06-2015,Clovia,New Delhi
2024,09-06-2015,Swiggy,Bangalore
2025,09-06-2015,PayMango,Gurgaon
2026,09-06-2015,Printland,New Delhi
2027,09-06-2015,Teritree,Bangalore
2028,10-06-2015,Guiddoo,Mumbai
2029,10-06-2015,Voonik,Bangalore
2030,11-06-2015,AdStringO,Mumbai
2031,11-06-2015,Faircent.com,Gurgaon
2032,12-06-2015,La Renon,Ahmedabad
2033,15-06-2015,Homelane,Bangalore
2034,15-06-2015,iSTAR,Bangalore
2035,15-06-2015,Shippr,Bangalore
2036,16-06-2015,FoodAbhi,Mumbai
2037,16-06-2015,Karma Recycling,Delhi
2038,16-06-2015,CouponRaja,Mumbai
2039,17-06-2015,Babychakra,Mumbai
2040,17-06-2015,Jiffstore,Bangalore
2041,17-06-2015,MyDentist,Mumbai
2042,18-06-2015,Moovo,New Delhi
2043,18-06-2015,Fracktal Works,Bangalore
2044,18-06-2015,Hansa Customer Equity,Mumbai
2045,18-06-2015,HealthifyMe,Bangalore
2046,18-06-2015,CAKART.in,Bangalore
2047,19-06-2015,Housejoy,Bangalore
2048,19-06-2015,FundsIndia.com,Chennai
2049,20-06-2015,Cupick,Bangalore
2050,20-06-2015,Tracxn,Bangalore
2051,21-06-2015,Holachef,Mumbai
2052,22-06-2015,belong,Bangalore
2053,22-06-2015,Ixigo,Gurgaon
2054,22-06-2015,SkillAngels,Chennai
2055,22-06-2015,Vidgyor,Bangalore
2056,22-06-2015,Banihal,New Delhi / California
2057,23-06-2015,Goodservice,New Delhi
2058,23-06-2015,Treebo,Bangalore
2059,23-06-2015,EduKart,New Delhi
2060,23-06-2015,Healthians.com,Hyderabad
2061,24-06-2015,LabInApp,Bangalore
2062,24-06-2015,Syona Cosmetics,Chennai
2063,24-06-2015,Sigrid Education,Noida
2064,24-06-2015,Indix, 
2065,24-06-2015,The Porter,Mumbai
2066,24-06-2015,Retention.ai,Bangalore
2067,25-06-2015,Fusion Microfinance,New Delhi
2068,25-06-2015,Zinka,Bangalore
2069,26-06-2015,CreditMantri,Chennai
2070,26-06-2015,GetMyPeon,Mumbai
2071,29-06-2015,UrbanClap,New Delhi
2072,29-06-2015,StayGlad,Bangalore
2073,29-06-2015,AdWyze,Bangalore
2074,29-06-2015,Zimmber,Mumbai
2075,30-06-2015,Buttercups,Bangalore
2076,30-06-2015,RailYatri,Bangalore
2077,30-06-2015,aagaar.com,Gurgaon
2078,30-06-2015,Flatchat,Bangalore
2079,30-06-2015,MyCFO,Mumbai
2080,01-05-2015,Foodpanda,Gurgaon
2081,01-05-2015,Termsheet,Chennai
2082,04-05-2015,Applicate,Bangalore
2083,04-05-2015,World Art Community,Gurgaon
2084,04-05-2015,SpoonJoy,Bangalore
2085,05-05-2015,Seed Schools,Hyderabad
2086,05-05-2015,Ignis Careers,Hyderabad
2087,05-05-2015,Square Yards,Gurgaon
2088,05-05-2015,Fintellix,Bangalore
2089,05-05-2015,Customer360,Mumbai
2090,06-05-2015,Delhivery,Gurgaon
2091,06-05-2015,Swiggy,Bangalore
2092,07-05-2015,Uniphore,Chennai
2093,07-05-2015,Box8,Mumbai
2094,07-05-2015,Toppr,Mumbai
2095,07-05-2015,Vedantu,Bangalore
2096,08-05-2015,BuyHatke,Bangalore
2097,08-05-2015,KleverKid,New Delhi
2098,08-05-2015,Uniken,Pune
2099,08-05-2015,GrandOpinion,New Delhi
2100,08-05-2015,HealthifyMe,Bangalore
2101,12-05-2015,ZapStitch,Bangalore
2102,12-05-2015,Wassup,Chennai
2103,12/05.2015,Mobiefit,Goa
2104,12/05.2015,Plancess,Mumbai
2105,12-05-2015,WorkHorse,Mumbai
2106,13-05-2015,Innovaccer,Noida
2107,13-05-2015,MyCuteOffice,Mumbai
2108,14-05-2015,IndianRoots.com,Gurgaon
2109,14-05-2015,RedPolka,Mumbai
2110,15-05-2015,Venturesity,Bangalore
2111,18-05-2015,TheBetterIndia.com,Bangalore
2112,18-05-2015,Awaaz De,Ahmedabad
2113,19-05-2015,Chaayos,New Delhi
2114,19-05-2015,Akosha,New Delhi
2115,19-05-2015,Cooey,Bangalore
2116,19-05-2015,MeetUniv,Noida
2117,19-05-2015,Inspirock, 
2118,19-05-2015,Crown-it,Gurgaon
2119,19-05-2015,Trucksfirst,Gurgaon
2120,20-05-2015,Lookup,Bangalore
2121,21-05-2015,SunTerrace,New Delhi
2122,22-05-2015,Nudgespot,Bangalore
2123,22-05-2015,CarDekho,Jaipur
2124,22-05-2015,EveningFlavors,Bangalore
2125,25-05-2015,Razorpay,Bangalore
2126,25-05-2015,ZenParent,Bangalore
2127,25-05-2015,Newgen Payments,New Delhi
2128,26-05-2015,UrbanPro,Bangalore
2129,26-05-2015,Goodbox,Bangalore
2130,26-05-2015,Renderlogy,Hyderabad
2131,27-05-2015,Postman,Bangalore
2132,27-05-2015,Casa2inns,New Delhi
2133,27-05-2015,FleetRover,Goa
2134,28-05-2015,TheKarrier,Bangalore
2135,28-05-2015,Zoomcar,Bangalore
2136,28-05-2015,Truweight,Hyderabad
2137,30-05-2015,Ather Energy,Bangalore
2138,03-04-2015,Swiggy,Bangalore
2139,04-04-2015,Bluegape,Gurgaon
2140,04-04-2015,KeepTrax,Dallas / Hyderabad
2141,06-04-2015,InstaLively,New Delhi
2142,07-04-2015,Pricejugaad,Hyderabad
2143,07-04-2015,Quikr,Mumbai
2144,07-04-2015,PressPlay,New Delhi
2145,07-04-2015,LogiNext,Mumbai
2146,08-04-2015,FirstCry.com,Pune
2147,08-04-2015,MobiKwik,Gurgaon
2148,08-04-2015,Olacabs,Bangalore
2149,09-04-2015,Gadgetwood,New Delhi
2150,09-04-2015,Bonhomia,New Delhi
2151,09-04-2015,Changer Mints,Kolkata
2152,09-04-2015,Urban Ladder,Bangalore
2153,09-04-2015,Purple Squirrel,Mumbai
2154,10-04-2015,Whatfix,Bangalore
2155,10-04-2015,iMMi Life,Chennai
2156,11-04-2015,Zomato,Gurgaon
2157,13-04-2015,ZopNow,Bangalore
2158,13-04-2015,Nayi Disha,New Delhi
2159,13/04.2015,The Porter,Mumbai
2160,13-04-2015,Commeasure,Noida
2161,13-04-2015,Capricoast,Bangalore
2162,14-04-2015,LocalOye,Mumbai
2163,15-04-2015,Grofers,Gurgaon
2164,15-04-2015,PepperTap,Gurgaon
2165,15-04-2015,PolicyBazaar,Gurgaon
2166,16-04-2015,UrbanClap,New Delhi
2167,16-04-2015,Taskbob,Mumbai
2168,17-04-2015,Robosoft,Udupi
2169,18-04-2015,Doormint,Mumbai
2170,20-04-2015,Vyomo,Gurgaon
2171,20-04-2015,Pastiwala,Vadodara
2172,20-04-2015,1mg (Healthkartplus),Gurgaon
2173,20-04-2015,Freshdesk,Chennai
2174,20-04-2015,Sulekha.com,Chennai
2175,22-04-2015,FindYahan,New Delhi
2176,22-04-2015,Eat.Shop.Love,Bangalore
2177,22-04-2015,Avanti Learning,New Delhi
2178,23-04-2015,Simplilearn,Bangalore
2179,23-04-2015,Craftstvilla,Mumbai
2180,23-04-2015,HeadOut,Bangalore / SFO
2181,23-04-2015,happay,Bangalore
2182,23-04-2015,Jugnoo,Chandigarh
2183,23-04-2015,EazyDiner,New Delhi
2184,23-04-2015,Phone Warrior,New Delhi
2185,24-04-2015,Coverfox,Mumbai
2186,27-04-2015,Torqus,Pune
2187,27-04-2015,Grab,Mumbai
2188,27-04-2015,LogicRoots,Jaipur
2189,27-04-2015,GIBBS,New Delhi
2190,28-04-2015,Babajobs,Bangalore
2191,28-04-2015,Urban Ladder,Bangalore
2192,28-04-2015,Jay Robotix,Hyderabad
2193,28-04-2015,Naaptol.com,Mumbai
2194,29-04-2015,ReGlobe,Gurgaon
2195,29-04-2015,Icertis,Pune / US
2196,29-04-2015,Tracxn,Bangalore
2197,29-04-2015,Dazo,Bangalore
2198,29-04-2015,Tradelab,Bangalore
2199,29-04-2015,PiQube,Chennai
2200,29-04-2015,Travel Triangle,Noida
2201,02-03-2015,TrulyMadly.com, 
2202,02-03-2015,InstaLively, 
2203,03-03-2015,Vserv, 
2204,03-03-2015,Intruo.com, 
2205,05-03-2015,Niffler, 
2206,05-03-2015,CustomFurnish.com, 
2207,06-03-2015,MapMyGenome, 
2208,09-03-2015,Crowdfire (formerly Justunfollow), 
2209,09-03-2015,Bite Club, 
2210,10-03-2015,Localbanya, 
2211,11-03-2015,Appedo, 
2212,11-03-2015,Fitraq.com, 
2213,11-03-2015,ChargeBee, 
2214,11-03-2015,Groupon India, 
2215,12-03-2015,Process 9, 
2216,12-03-2015,MoonFrog Labs, 
2217,13-03-2015,Foodpanda, 
2218,13-03-2015,Paytm, 
2219,13-03-2015,DiabetOmics, 
2220,13-03-2015,Qyk, 
2221,14-03-2015,Daily Rounds, 
2222,14-03-2015,Orobind, 
2223,14-03-2015,Routofy, 
2224,16-03-2015,Digital Gorkha, 
2225,16-03-2015,NestAway, 
2226,16-03-2015,The Better India, 
2227,16-03-2015,Meru Cabs, 
2228,17-03-2015,GolfLAN, 
2229,18-03-2015,Drivestream, 
2230,18-03-2015,wWhere, 
2231,18-03-2015,GoJavas, 
2232,19-03-2015,Tripoto, 
2233,19-03-2015,Graphic India, 
2234,20-03-2015,Harness Handitouch, 
2235,20-03-2015,Lets Corp, 
2236,20-03-2015,CollateBox, 
2237,20-03-2015,Mahindra First Choice, 
2238,21-03-2015,Round One, 
2239,23-03-2015,RazorPay, 
2240,23-03-2015,Mosambee, 
2241,24-03-2015,Furlenco, 
2242,24-03-2015,Cubito, 
2243,25-03-2015,Teabox, 
2244,25-03-2015,Artoo, 
2245,25-03-2015,Fxkart.com, 
2246,25-03-2015,Rozgar Mela, 
2247,25-03-2015,OYO Rooms, 
2248,26-03-2015,Roposo.com, 
2249,26-03-2015,Teewe, 
2250,26-03-2015,ePoise, 
2251,27-03-2015,Urjas, 
2252,27-03-2015,Chargein, 
2253,28-03-2015,Yogurt Labs, 
2254,28-03-2015,LimeRoad.com, 
2255,28-03-2015,Team Indus, 
2256,30-03-2015,Arohan Financial Services, 
2257,30-03-2015,BillDesk, 
2258,31-03-2015,Triphobo, 
2259,31-03-2015,Aryaka, 
2260,31-03-2015,Appsdaily, 
2261,02-02-2015,Faaya, 
2262,02-02-2015,InstaBounce, 
2263,02-02-2015,Chloroplast Foods, 
2264,02-02-2015,Dealwithus, 
2265,02-02-2015,CleverSharks, 
2266,02-02-2015,Leaf, 
2267,02-02-2015,SmartPocket, 
2268,02-02-2015,Yumist, 
2269,02-02-2015,NowFloats, 
2270,02-02-2015,FirstCry, 
2271,02-02-2015,HolaChef, 
2272,03-02-2015,Frsh.co.in, 
2273,03-02-2015,Manthan, 
2274,05-02-2015,Kobster.com, 
2275,05-02-2015,Culture Machine, 
2276,05-02-2015,Paytm, 
2277,05-02-2015,Aisle.co, 
2278,06-02-2015,FreeCharge, 
2279,06-02-2015,NewsHunt, 
2280,09-02-2015,MyNoticePeriod, 
2281,09-02-2015,CarDekho.com, 
2282,09-02-2015,Faaso’s, 
2283,10-02-2015,CarTrade.com, 
2284,10-02-2015,StoreKing, 
2285,11-02-2015,Capital Float, 
2286,11-02-2015,Nimble Wireless, 
2287,11-02-2015,Townscript, 
2288,11-02-2015,FindYahan, 
2289,12-02-2015,Stayzilla, 
2290,12-02-2015,Practo, 
2291,13-02-2015,CimplyFive, 
2292,13-02-2015,20Dresses, 
2293,13-02-2015,Itzcash, 
2294,16-02-2015,NewsInShorts, 
2295,16-02-2015,iTraveller.com, 
2296,17-02-2015,NextGen, 
2297,18-02-2015,Wooplr.com, 
2298,19-05-2015,Springleap, 
2299,20-02-2015,Klip.in, 
2300,20-02-2015,Renderlogy, 
2301,21-02-2015,Appbase, 
2302,23-02-2015,HomeLane, 
2303,23-02-2015,Trip38, 
2304,23-02-2015,Smartairtrip.com, 
2305,23-02-2015,NoBroker, 
2306,24-02-2015,Caravan Craft Retail, 
2307,25-02-2015,SquadRun, 
2308,25-02-2015,Clonect Solutions, 
2309,25-02-2015,TaxSutra, 
2310,25-02-2015,PepperTap, 
2311,25-02-2015,Sattviko, 
2312,25-02-2015,IndustryBuying, 
2313,26-02-2015,FreshWorld, 
2314,26-02-2015,TinyOwl, 
2315,27-02-2015,Momoe, 
2316,27-02-2015,Grofers, 
2317,02-01-2015,LensKart, 
2318,02-01-2015,VioletStreet, 
2319,05-01-2015,Lookup, 
2320,05-01-2015,#Fame, 
2321,05-01-2015,Gympik, 
2322,06-01-2015,Near.in, 
2323,06-01-2015,Purplle.com, 
2324,06-01-2015,NumberMall, 
2325,06-01-2015,Tookitaki, 
2326,06-01-2015,Frankly, 
2327,07-01-2015,Faircent, 
2328,07-01-2015,Nurturey, 
2329,07-01-2015,Bewakoof, 
2330,07-01-2015,Stridalyzer, 
2331,07-01-2015,Commonfloor, 
2332,09-01-2015,Sokrati, 
2333,09-01-2015,YepMe, 
2334,09-01-2015,TapCibo, 
2335,12-01-2015,Verayu, 
2336,12-01-2015,MyDreamStore, 
2337,13-01-2015,AppVirality, 
2338,14-01-2015,RateGain, 
2339,15/01.2015,Wishberry, 
2340,16-01-2015,eKincare, 
2341,18-01-2015,ShopClues, 
2342,19-01-2015,Refiral, 
2343,19-01-2015,Ping Digital, 
2344,19-01-2015,HealthyWorld.in, 
2345,19-01-2015,Hostel Dunia, 
2346,19-01-2015,Play your sport, 
2347,19-01-2015,Yo Grad, 
2348,19-01-2015,Enabli, 
2349,19-01-2015,CBS, 
2350,20-01-2015,Hopscotch, 
2351,20-01-2015,Amagi Media Labs, 
2352,20-01-2015,HealthyWorld.in, 
2353,21-01-2015,Simplilearn, 
2354,21-01-2015,MyDreamStore, 
2355,21-05-2015,Knit, 
2356,21-05-2015,Villgro, 
2357,22/01//2015,Corporate360, 
2358,22-01-2015,Freshmonk, 
2359,22-01-2015,Englishleap.com, 
2360,22-01-2015,Antuit, 
2361,22-01-2015,Caratlane.com, 
2362,24-01-2015,Aasaanjobs, 
2363,24-01-2015,Impartus, 
2364,25-01-2015,Thrill App, 
2365,27-01-2015,CarDekho.com, 
2366,28-01-2015,Grabhouse.com, 
2367,29-01-2015,Printvenue, 
2368,29-01-2015,Graphene, 
2369,30-01-2015,Mad Street Den, 
2370,30-01-2015,Simplotel, 
2371,31-01-2015,couponmachine.in,
