,Name,Email Address,Phone Number
0,Aarti Singh,aarti@gmail.com,8136547369
1,Abbas ali,mdabbas@howard-phillips.com,9234895509
2,Abha agarwal,abha@reed-cooper.com,006-59544683
3,Rohan gupta,rohangupta@yahoo.com,032-83927371
4,Shweta shukla,upotter@rocha.com,6476599966
5,Roshan singh,roshan@fields-dunn.com,+91 2278527500
6,vaibhav agarwal,vaibhav@barrett-walls.biz,016-32919765
7,rahul pandey,rahulpn@lewis-norton.com,06661 726406
8,Amit Yadav,amityadav@yahoo.com,+91 4038722597
9,Sahyog saini,sahyog@mendez.com,988614703
10,Harshit Teotia,me_mechanical@gmail.com,+91 4363911399
11,Muskan Shrivastava,musku@yahoo.com,+91 5738811347
12,Ravaishmi gupta,ravaishmi@hotmail.com,057-38982921
13,Dheeraj singh,dheeraj@king.info,+91 5642364844
14,Yash Singhal,yash@edwards.com,02358 263756
15,Pratyush Priyansh,pratryushbanarasi@thompson.com,+91 445 4591427
16,Avinash kumar,avinash@hotmail.com,+91 285 8447269
17,Sudhir Singh,sksingh@hotmail.com,006-04072412
18,Faraz chisti,faraz@yahoo.com,+91 400 3321675
19,Vishakha gupta,vishu@gmail.com,07386 061887
20,Anmol gupta,anmolgupta@morris.com,084-35154621
21,Sarthak mishra,sarthak@soto.com,056-99163029
22,Abhijeet shukla,abhijeet@roach-hansen.com,+91 011 4546268
23,Raghav ,raghav@hotmail.com,4190417028
24,Tanmay kapil,tanmayme@cross-sparks.com,+91 1489676371
25,Sonika singh,sonikasingh@yahoo.com,+91 013 5390693
26,Tanu sharma,tanudelhiwaala@carpenter.biz,2341219187
27,Shiva tiwari,shiva@gmail.com,+91 9752692847
28,Utsav sharma,utsavsharmahoon@yahoo.com,020-45285901
29,Raguvendra pratap singh,rpsingh@parker.com,7362919307
30,Abhay chauhan,abhay@gmail.com,066-94452481
31,Riya singhal,riya_singhal@yahoo.com,+91 131 5089862
32,Dilkeshwar pandey,dilkeshwar_pandey@abesit.in,01306 491097
33,Monica sherawat,Monica@abesit.in,+91 944 7259707
34,Anshika saxena,anshika@gmail.com,011-11292671
35,Priyanshi gupta,priyanshi@hotmail.com,+91 118 7117975
36,Isha bansal,isha@anderson-dixon.info,08810 031330
37,Shivani gahlot,pingmeshivani@henry.net,+91 529 9170885
38,Juli singh,juli@gmail.com,+91 989 0630821
39,Vaishnavi bhardwaj,divine_me@brown.com,031-99995595
40,Muskan agarwal,muskanagg@gmail.com,02771 718043
41,Aayushi singhal,ayushi@hotmail.com,083-21478083
42,Prachi bharadwaj,prachiabesit@hotmail.com,+91 5545610294
43,Shivangi agarwal,shivangiagg@hotmail.com,+91 1173386114
44,Priyansha agarwal,priyansha_cute@yahoo.com,591422875
45,vibhu saxena,ImHotVibhu@rogers-richardson.com,+91 305 8275867
46,Aayush tiwari,attackertiwari@yahoo.com,+91 4273279368
47,Aanis khan,mdkhan@gmail.com,037-50617853
48,Abdullah aameen,abdullah_ameen@kaufman.com,+91 041 7310716
49,Ajay kumar,gamerAjay@gmail.com,07965 760319
50,Akash bajpayee,flame_akash@gmail.com,005-32022716
51,Aman singh,amans@coleman.org,07481 328868
52,Aman rai,raiAman@case.com,2895738612
53,Anaya singh,cuteanaya@webster-scott.com,002-87835396
54,Shatabdi,shatabdi@watts-gilbert.org,6166053567
55,Ankit agarwal,ankitagarwal@barnes-graham.com,04394 408323
56,Anmol rathore,anmol_rathore@williams-stokes.net,+91 5344407542
57,Anushree agarwal,anuagarwal@smith-zimmerman.com,3882555754
58,Anushree gupta,anushreegpt@hoffman-bolton.com,07959 497503
59,Anubhav saxena,anubhav_saxena@martin.net,04840 606546
60,Arpit goel,arpit_delhi@hotmail.com,+91 8314825245
61,Aryan gosawami,aryan@hotmail.com,5939404459
62,Ayush agarwal,i_m_ayush@gmail.com,+91 774 9623088
63,Ayush gupta,ayushgupta@yahoo.com,+91 5639032186
64,Bhawna arora,bhawna_arora@pittman-clark.biz,05916 481285
65,Chhavi tomar,chhavi_tomar@nichols.org,2235215418
66,Sapna yadav,sapna_yadav_abesit@wood.net,+91 187 0501185
67,Dhishwari singh,proper_melange@yahoo.com,7059767021
68,Faraz Siddiqui,faraz_siddiqui@sullivan-bond.com,02685 203852
69,Gagan rajput,gagan_abesit@park-smith.com,690083979
70,Gunjaan gupta,gunjan_bihari@hotmail.com,029-45012743
71,Harsh kumar,harsh_tmu@bryant.com,+91 0329762076
72,Juhi tomar,juhi_tomar@yahoo.com,02765 293567
73,Kartiki sagar,sagar_kartiki@gmail.com,+91 096 3385550
74,Kuhu agarwal,kuhu_cutee@hotmail.com,5463231142
75,Manoj pathak,manoj_pathak@mcclain-stevens.com,09775 148238
76,Navya agarwal,navuu@gmail.com,+91 9681267191
77,Mohd S R khan,md_sr_khan@harrison.com,9488681287
78,Mujeeb khan,mujeeb@hotmail.com,03068 026069
79,Muskan saxena,muskan_saxena@matthews.com,3716942744
80,Nimit agarwal,nimit_agarwal@hotmail.com,+91 459 6993460
81,Nitin budhwar,nitin_budhwar@hotmail.com,+91 8641390681
82,Owais akhtar,owais@ferrell.com,+91 218 6613021
83,Parakh chitkara,chitkara_parakh@smith-ruiz.com,5539299079
84,Piyush kumar,piyush@yahoo.com,047-72910690
85,Pragati tiwari,pragati_tiwari@taylor.net,+91 3159677771
86,Rajat solanki,solanki_bhai@johnson.org,5052956588
87,Rayyan khan,rayyan_khan@parrish.biz,+91 5405898882
88,Ritik agarwal,ritik@brown.com,+91 964 2817236
89,Sajal agarwal,sajal_agg@yahoo.com,+91 717 9455885
90,Sandeep shukla,shuklajii@yahoo.com,02783 792605
91,Shivvam chaudhary,shivam_chaudhary@gmail.com,6621244070
92,Satyam bhatia,satyam_bhatia@yang.net,072-63116036
93,Shiva goyal,shiva_goel@gmail.com,3722127555
94,Shivanshu garg,shivu_maggie@guerrero-jimenez.com,09655 430486
95,Sourav tarafdaar,sourav@gmail.com,3567669718
96,Suruchi rastogi,ca_suru@gmail.com,056-58766762
97,Suyog chauhan,suyog_sipahi@lawrence.biz,+91 403 9888899
98,Tejas saxena,cool_tejas@gmail.com,3924834643
99,Uma agarwal,uma_agarwal@nelson.com,+91 743 6008351
100,Abhinav singh,abhinav@jacobs.com,07027 187437
101,,daniel12@yahoo.com,+91 499 6783010
102,,fcarter@hotmail.com,+91 1363707374
103,,vegadavid@yahoo.com,3593215334
104,,wilsonamanda@hotmail.com,+91 8695478336
105,,jonesjames@lee.biz,045-62160267
106,,fconley@nguyen.com,2784659765
107,,uoconnor@webb.com,+91 6597959507
108,,anne30@hotmail.com,+91 8648963784
109,,lewiscarolyn@cook-butler.com,00676 479191
110,,amandafischer@gmail.com,07357 898228
111,,sarahfigueroa@king-watson.com,018-37152143
112,,pamelafuentes@yahoo.com,00420 913456
113,,dyoung@gmail.com,064-50263469
114,,whitechristopher@yahoo.com,+91 5632208346
115,,michellefleming@gmail.com,013-76039176
116,,ricardo98@perry.info,47732948
117,,michealgaines@taylor.com,+91 3789665169
118,,nwilliams@avery.org,+91 055 2276379
119,,kingmatthew@thomas-foster.com,5166106424
120,,ydaniels@mathis-white.org,+91 383 8026915
121,,kellyjoseph@gmail.com,006-39123716
122,,leah92@vincent-thomas.biz,03251 505228
123,,craigcarr@jefferson.biz,00717 719620
124,,michael33@hotmail.com,+91 5165909293
125,,gruiz@yahoo.com,005-33867037
126,,gjohnston@galvan.com,061-40933033
127,,rjames@gmail.com,2874583484
128,,shafferchad@yahoo.com,4692477148
129,,bennettamber@martinez.biz,865106572
130,,hurleymalik@hotmail.com,+91 948 9429397
131,,zsmith@morgan-hall.com,042-23499045
132,,gbailey@owens.biz,7614160503
133,,corey91@duncan.org,+91 5776027847
134,,melindafry@yahoo.com,078-89741855
135,,wsmith@benjamin.com,1750998047
136,,riveramitchell@hotmail.com,080-70830831
137,,scottcolon@yahoo.com,04550 997986
138,,dsanchez@scott-cortez.net,07283 113562
139,,samuelparker@hensley.com,+91 829 5194505
140,,nicole69@harvey.com,+91 133 4646998
141,,anthony85@hotmail.com,+91 527 6085757
142,,krausedaniel@mason-becker.org,+91 520 0257838
143,,wellsmelissa@bennett.com,058-67903062
144,,glennnelson@hotmail.com,3630204461
145,,swilliams@hotmail.com,2413746793
146,,cherylcarter@noble-freeman.com,073-80228664
147,,bradleyburton@garcia-taylor.com,6107217629
148,,cory63@evans-boone.info,5585043738
149,,simmonsallen@hughes.com,+91 908 6269617
150,,rsanchez@ramirez.com,+91 014 2699181
151,,heatherjones@wright.org,08445 992995
152,,michael38@davis-jones.net,+91 985 9701451
153,,victoriasmith@bowers-shepherd.info,+91 923 0795411
154,,judithlynch@gmail.com,1211697428
155,,munozgina@mccullough.org,055-73460940
156,,ericksoncindy@coleman-brock.com,+91 3744163160
157,,davidsmith@carpenter.com,+91 586 6825007
158,,barryibarra@gmail.com,7492654153
159,,xbaker@mora-davis.com,002-18387199
160,,edward98@juarez.com,+91 822 1177976
161,,henry30@hotmail.com,09124 424248
162,,esteslauren@lozano.net,+91 1943087239
163,,oterry@yahoo.com,+91 9961693797
164,,teresa59@yahoo.com,08097 716922
165,,misty36@garcia.com,8149398602
166,,zdavis@randolph.com,03965 810206
167,,loveashley@barrett.com,+91 6612186009
168,,dadams@martin-moyer.com,6817109655
169,,kcollins@price.com,8606626558
170,,acostatimothy@hogan.com,7989957260
171,,brian77@johnson-dominguez.com,029-69245312
172,,perezjoshua@yahoo.com,06336 093509
173,,jeremyedwards@hotmail.com,+91 568 8263634
174,,scottmelinda@hotmail.com,03375 860768
175,,kathleengarcia@huang-macias.com,08868 680374
176,,chasecody@gmail.com,+91 7716750612
177,,whiteapril@gmail.com,01632 629811
178,,vphelps@lewis.net,5005465330
179,,erin59@harrison-lynch.com,551097829
180,,mendezjohn@gmail.com,+91 3258039595
181,,osingh@gmail.com,031-63920170
182,,stephanie98@flowers-underwood.com,4398543381
183,,stevenbowers@gmail.com,030-95583144
184,,monica63@mckinney.info,068-15366222
185,,halecindy@hotmail.com,007-55367319
186,,meyerpamela@gmail.com,+91 971 5931417
187,,juliarios@bender.biz,+91 593 2796619
188,,davidjones@cole.org,9657970045
189,,danielle96@harris.com,+91 595 7922349
190,,brenda25@gmail.com,2096505105
191,,istephens@hotmail.com,014-60948543
192,,pkeith@price-dominguez.com,7022602417
193,,scottmiller@hotmail.com,04168 741007
194,,beltrangregory@yahoo.com,+91 7681024066
195,,lancewilson@jenkins.org,05794 163655
196,,wjuarez@yahoo.com,+91 628 5013542
197,,sriley@jones.com,9555256123
198,,brandon19@hotmail.com,+91 1806090258
199,,tinamata@hotmail.com,02135 490964
200,,bclarke@gmail.com,+91 238 4861407
201,,jeffrey51@gmail.com,+91 6520340855
202,,jeffreygonzalez@thompson.com,1800329291
203,,cristinacohen@allen.com,6862415586
204,,cody39@harper.com,+91 2611887053
205,,nowens@hotmail.com,00150 354897
206,,emily02@tate.com,4005065552
207,,zterry@hotmail.com,8344963476
208,,watsonjeffrey@rush.net,347860581
209,,ushields@hotmail.com,09285 515386
210,,michellewhite@yahoo.com,07555 205524
211,,fuentesdamon@hotmail.com,025-34195416
212,,pgregory@carroll-roach.net,9009831721
213,,ubishop@gmail.com,085-05305717
214,,jonathanbeasley@hotmail.com,+91 4311410677
215,,cindyhendricks@yahoo.com,+91 6084137141
216,,williamsbryan@yahoo.com,+91 5830893787
217,,jasonmeadows@gmail.com,074-29904165
218,,ravenlynch@hotmail.com,+91 9008512803
219,,ljohnson@riley-krueger.com,+91 2909087156
220,,gregory82@gmail.com,+91 8895734580
221,,halljacob@gmail.com,01066 299909
222,,gwendolynskinner@wilson.org,2917667043
223,,urichardson@hotmail.com,+91 9047082604
224,,wesley79@gmail.com,+91 9578789015
225,,mike10@moore-brooks.biz,095-15812402
226,,kmiller@montgomery-alexander.biz,4879703355
227,,nicholemorrow@gmail.com,+91 239 2010301
228,,davidnewman@gmail.com,+91 411 0752263
229,,charles28@smith-adams.com,+91 7474696843
230,,smithandrew@yahoo.com,+91 680 1098295
231,,bbooker@yahoo.com,466731301
232,,suzanne54@ayala-glenn.com,+91 4114201552
233,,kyle35@hotmail.com,+91 0689350266
234,,williamsedgar@yahoo.com,+91 518 9812626
235,,jonathanmathews@hotmail.com,7239295922
236,,clarkjohn@morgan-lopez.net,04157 593812
237,,dominiclee@chan.com,9787748201
238,,nicole91@mendoza.com,+91 6130050003
239,,weberlinda@thompson.net,+91 514 3391507
240,,xcunningham@ponce.com,+91 552 3757596
241,,hhowell@hotmail.com,+91 1227665611
242,,ohenderson@hotmail.com,+91 1141245640
243,,fthornton@thompson-castro.com,5633813988
244,,randerson@yahoo.com,068-43398390
245,,thomas39@diaz.com,098-16379777
246,,brittanyphillips@gmail.com,3727578898
247,,lewisjanice@hammond.info,7707701120
248,,wstone@gmail.com,053-94549593
249,,tanyadavid@ayers.net,+91 005 3629697
250,,jacqueline55@gmail.com,06217 898264
251,,taylornorton@white.com,019-66310146
252,,debranunez@yahoo.com,9800919049
253,,zdiaz@foley.com,+91 607 6583829
254,,dennisgentry@farley.com,045-22885014
255,,daniel94@gmail.com,+91 0808998850
256,,josephspears@gmail.com,+91 4841379799
257,,qsims@frost.com,039-88591806
258,,xmendoza@brown.info,+91 027 9297938
259,,amanda06@gmail.com,09310 387742
260,,annamiller@hotmail.com,08603 756398
261,,milleradam@gmail.com,046-04229791
262,,kimberlyfrye@hays.info,9407294081
263,,dylan70@hotmail.com,+91 738 9789692
264,,marycarter@moreno-gomez.com,842659233
265,,matthewrobertson@hotmail.com,+91 9301863425
266,,esmith@bennett.com,070-99475809
267,,sean72@turner.com,766202865
268,,nharper@hotmail.com,013-79691099
269,,yflores@gay.com,040-79696110
270,,yjordan@hotmail.com,2029260128
271,,jefferygomez@yahoo.com,+91 645 6025994
272,,robertmoore@hotmail.com,08590 530368
273,,bmcdonald@ramirez.com,7757491449
274,,smithrobert@farrell-smith.biz,08956 545467
275,,nreese@martinez.biz,+91 1511491204
276,,longlaurie@foster.com,8681192227
277,,iali@harris.info,+91 887 8016697
278,,aprilwilliamson@gmail.com,+91 265 6608716
279,,jacob41@hotmail.com,013-81353524
280,,whitneyadam@hotmail.com,6772649929
281,,robersonjames@aguilar-scott.com,1347336146
282,,heather42@blevins-sandoval.info,+91 254 1747186
283,,esparzabradley@gmail.com,+91 1513555397
284,,yespinoza@gmail.com,094-08628787
285,,mary53@kline.biz,+91 639 3969848
286,,harmonmatthew@gmail.com,06197 593625
287,,mark62@johnson-bernard.info,+91 136 9710092
288,,wesleycruz@gmail.com,+91 2107736681
289,,mitchellbenjamin@yahoo.com,08617 212916
290,,kurt55@pope.com,+91 810 3796671
291,,sabrinanichols@hayes-leach.com,036-58081466
292,,destrada@hayes-price.info,+91 9608747674
293,,careyrobert@hotmail.com,3699704614
294,,mmartinez@knight.net,+91 5332068544
295,,xmccoy@brown.com,019-35358030
296,,simpsonsarah@rubio.com,+91 9959463811
297,,xdavis@smith.com,06740 582326
298,,paul64@yahoo.com,+91 4140145384
299,,salinasrobert@gmail.com,099-33811686
300,,humphreyamanda@yahoo.com,+91 2024436711
301,,james53@gmail.com,7850596253
302,,rlopez@yahoo.com,1594772981
303,,stephanie54@dorsey.com,08930 773601
304,,ybyrd@hotmail.com,018-12243779
305,,maria19@mclaughlin-kelly.biz,02769 785993
306,,ninaromero@evans.com,+91 5507010828
307,,smartinez@hotmail.com,06857 261261
308,,ifranklin@gonzales.com,+91 878 5396467
309,,eric96@weiss-johnson.com,05107 178276
310,,samuel60@powell-wilkinson.biz,+91 3797255980
311,,michael94@lynch.com,09668 325234
312,,ocombs@peterson.com,054-88304590
313,,ngentry@williams.com,084-74016089
314,,tyler56@hotmail.com,060-56680376
315,,rodriguezmaria@chen-colon.net,9645860278
316,,zharvey@ellison.com,00284 797939
317,,eddiehudson@hotmail.com,3732943587
318,,amylopez@santiago.com,00633 703699
319,,tzuniga@hotmail.com,+91 8541538340
320,,tylermorton@bell.com,+91 042 4991385
321,,valerievaughn@giles.com,08924 570042
322,,vvaughn@cox.org,+91 0405693861
323,,rharris@richardson.info,+91 6176255181
324,,yatesteresa@brown.com,+91 396 4494745
325,,jennifernorton@gmail.com,+91 5977029558
326,,wcole@garrett-joseph.biz,1579196856
327,,jacksonjuan@blevins.com,08691 185405
328,,manuel75@mills.com,00174 848744
329,,jatkins@gmail.com,6716552934
330,,petersonkathleen@moody-rivera.com,033-25556515
331,,fmcclure@rivas.info,075-69292339
332,,rwhite@hotmail.com,+91 0722624596
333,,charles80@hotmail.com,00748 875117
334,,yvonne19@yahoo.com,+91 7984078491
335,,karenbrown@gmail.com,4554111735
336,,molly27@wright.org,7038667375
337,,avargas@hotmail.com,02293 971641
338,,charlestaylor@yahoo.com,00593 281095
339,,mvaldez@sutton-edwards.biz,+91 1842945623
340,,nelsonkristin@yahoo.com,08704 245553
341,,zwilson@brooks.com,08995 501261
342,,nguyenheather@espinoza.net,076-10107704
343,,brittany15@hotmail.com,01643 207241
344,,stephaniegalvan@hensley-smith.com,2661154807
345,,henrymichael@gmail.com,2468392489
346,,ahamilton@brown.com,5891242001
347,,shawn45@yahoo.com,4992263327
348,,acostaerika@hotmail.com,5279252922
349,,hinessusan@gmail.com,+91 1255283015
350,,stephanie89@hudson-johnson.org,8750534878
351,,ericksonmatthew@henderson.org,+91 918 1477888
352,,victoria58@wang.com,+91 0545138028
353,,sheppardmiranda@freeman-barry.info,+91 7314596689
354,,zimmermanjoyce@ayers.com,7599507305
355,,christophertaylor@evans.com,+91 4346658381
356,,morgan03@hotmail.com,+91 1276023340
357,,wpatel@hicks-hanson.biz,+91 889 4097254
358,,lhobbs@king.biz,01191 310704
359,,asmith@gmail.com,07787 483383
360,,carroyo@yahoo.com,8478504784
361,,fostershane@gmail.com,290682608
362,,chaneyjonathan@hotmail.com,7906397679
363,,dustinrichards@chan.org,05556 856276
364,,nguyenheather@montgomery.org,07969 439468
365,,mitchell47@hotmail.com,04068 799395
366,,albert09@yahoo.com,+91 3874232026
367,,ronaldschmidt@gmail.com,4681999379
368,,ucooley@yahoo.com,+91 8204865810
369,,jessica77@bass.biz,01278 375055
370,,martinezheather@pace-richards.com,025-63205093
371,,vhoward@norris.com,+91 792 4656366
372,,stonechristopher@yahoo.com,052-53215174
373,,stephendean@gmail.com,+91 9846095073
374,,weaverlori@medina.com,1510706513
375,,john83@parker-sweeney.biz,+91 8560789246
376,,cbailey@maldonado-patel.com,7036040975
377,,christina37@callahan.com,+91 4285341886
378,,clopez@hotmail.com,07439 634856
379,,karen01@hotmail.com,017-45357787
380,,ashleyunderwood@avila.com,443689174
381,,todd98@webb.biz,8756274960
382,,rfreeman@melton.com,9169104962
383,,sarahmendez@yahoo.com,047-31526882
384,,sarawilliams@gmail.com,3290561031
385,,barbara09@gmail.com,041-32056252
386,,chelsey54@harrell.org,3627366513
387,,washingtonelizabeth@williams-morris.com,05328 817851
388,,joshua50@clarke.com,023-37670317
389,,obarrett@jones.com,+91 1570354353
390,,timothyarnold@jones.com,112764593
391,,danielle18@hotmail.com,+91 3817255380
392,,michaelcooley@hotmail.com,6938373221
393,,kfisher@haney.org,08848 004418
394,,keithfreeman@gmail.com,+91 8071926607
395,,ericsmith@yahoo.com,07164 613996
396,,rebeccawhite@gmail.com,00981 462726
397,,nancysmith@hotmail.com,+91 198 3739129
398,,thomasgonzalez@hunt.com,1097381702
399,,colemanjeremy@jones-cunningham.com,034-32611528
400,,penacarmen@yahoo.com,+91 886 7076676
401,,bondpatricia@hotmail.com,4177996798
402,,ylong@white.biz,+91 439 3314004
403,,kimberly88@gmail.com,+91 3136035671
404,,oliverjoshua@yahoo.com,073-12712446
405,,deannaochoa@stephens-barton.org,075-63924150
406,,mcguirekristin@hotmail.com,04231 777772
407,,megan07@kim-perez.info,+91 1992390622
408,,alisha98@yahoo.com,019-64719381
409,,gjohnson@yahoo.com,02728 397015
410,,elliskevin@norman-hill.org,07775 192874
411,,xjordan@gmail.com,+91 069 6855073
412,,virginiacastillo@hotmail.com,+91 534 1631053
413,,garciakimberly@jenkins-li.com,7304431972
414,,donna29@lopez.org,040-04072409
415,,steven63@chavez.net,3656566208
416,,seancopeland@hotmail.com,+91 480 1289563
417,,nhenderson@gmail.com,+91 697 8514916
418,,william09@ellis.biz,+91 4737765225
419,,guzmanjose@vaughn.info,090-66314643
420,,greenkelly@thompson.info,089-75631341
421,,schneiderrobert@yahoo.com,08222 667805
422,,betty07@gmail.com,09683 667510
423,,hutchinsongabriel@gmail.com,4118347099
424,,christopherbell@chung.org,+91 896 1719230
425,,dustin72@young-mcfarland.info,052-80328950
426,,ogross@anderson-brown.com,771416270
427,,jefferyrice@winters-gonzalez.com,7152050526
428,,jeremy25@brown-stevens.com,03687 691512
429,,xhuffman@bruce.biz,5654197701
430,,psandoval@collins.com,00802 307190
431,,bradley17@holmes.com,7405874168
432,,patrickmiller@newman.com,+91 5201927519
433,,morgangary@gmail.com,8238970589
434,,jeremy33@hotmail.com,00011 376511
435,,pooletiffany@powers.com,04467 899961
436,,hunter28@gmail.com,+91 1992506732
437,,kelleybrenda@tran.com,079-01610854
438,,christopherwilliams@anderson.com,02794 799035
439,,rnguyen@schaefer.com,7726800906
440,,johnbartlett@hotmail.com,5240955206
441,,lisajennings@gmail.com,8945862623
442,,jamie85@powell-hill.com,071-94944936
443,,johnsonkatherine@gmail.com,05749 900701
444,,zachary04@yahoo.com,04688 890764
445,,heidimejia@gmail.com,+91 9078205925
446,,mary86@nelson.net,+91 419 4608285
447,,dvargas@hotmail.com,043-58451174
448,,jonesmelissa@gmail.com,+91 2884308549
449,,obutler@williams-taylor.com,014-18324009
450,,josereyes@bennett.com,+91 272 1779261
451,,david16@kelly.org,8111926630
452,,freed@clark.info,+91 9895824667
453,,youngscott@smith-deleon.com,6646606272
454,,landrygarrett@gmail.com,07270 722078
455,,thompsonjoel@lowe.com,+91 8043460605
456,,meganharding@tanner-stevens.com,+91 704 3953709
457,,erikaaustin@vasquez-rogers.com,+91 5103259464
458,,bullockjoshua@hotmail.com,+91 6185057497
459,,franklin84@williams.net,07810 915101
460,,jason75@mckay.com,5661737985
461,,mgriffin@gmail.com,09535 129710
462,,michele26@hodges.biz,+91 7185360303
463,,ronald45@hotmail.com,00767 957003
464,,ilopez@yahoo.com,+91 939 6804554
465,,tiffany95@hotmail.com,07256 930877
466,,sarahreynolds@gmail.com,017-11789726
467,,gharper@holder-kemp.com,00885 270459
468,,donnawoods@yahoo.com,+91 3955391171
469,,samanthaschmidt@hernandez.com,+91 594 3320780
470,,walkerkenneth@gmail.com,036-44723347
471,,olawson@hotmail.com,9497797798
472,,sarah12@medina.com,+91 888 8785209
473,,odominguez@hunter.biz,08037 716823
474,,lauraholden@yahoo.com,+91 2865620260
475,,valerierodgers@patterson.com,+91 8731806050
476,,nicholas38@ewing.com,051-82535447
477,,bensonmiguel@hotmail.com,074-01014066
478,,dwhite@barron.com,+91 9843924141
479,,lisa27@thomas.com,08323 527875
480,,elizabeth49@hotmail.com,+91 6755433994
481,,hjohnson@yahoo.com,+91 2286534484
482,,wellsashlee@alexander-lee.org,+91 596 7943791
483,,igarza@klein-hill.biz,05022 768231
484,,tmartin@russo.net,09215 282404
485,,lopezheather@yahoo.com,070-33640038
486,,foxerika@turner.net,+91 890 8113872
487,,farmercorey@schultz-gordon.com,392169426
488,,bryan47@yahoo.com,04404 437993
489,,golson@gmail.com,+91 1900561044
490,,sotojeanne@may.net,051-49984811
491,,martineznathan@mitchell-davis.com,+91 2146087927
492,,melissaerickson@gibson.net,+91 4729188763
493,,howardarthur@gmail.com,+91 9759899280
494,,smithjasmine@salinas-adams.info,03570 302435
495,,sheila61@gmail.com,+91 9935720187
496,,nicole89@yahoo.com,077-07898494
497,,ellisjulie@hotmail.com,8808130209
498,,jenniferporter@casey.org,+91 686 3735291
499,,shawnoliver@stevens.net,+91 7563999094
500,,smithmanuel@fitzgerald-mcdonald.com,+91 6951634429
501,,justin15@garcia-shepherd.com,05103 948089
502,,kirstenflores@gmail.com,5266617803
503,,meadowsautumn@glenn.info,06987 352316
504,,alyssa39@hotmail.com,1604926185
505,,sandrachavez@yahoo.com,032-84197463
506,,idavis@hayes-smith.net,07964 707446
507,,gramos@lindsey-zavala.com,02688 326557
508,,xhuber@hotmail.com,3305322063
509,,lisa93@yahoo.com,6871100066
510,,patriciapeterson@garcia.com,083-98958334
511,,ian46@becker.org,03379 980709
512,,icook@perez.com,+91 1612655620
513,,kmitchell@watts-mercer.com,+91 7864189716
514,,gcherry@parks.info,+91 6432025754
515,,christophercarr@becker.net,037-52221977
516,,sethwoods@gmail.com,002-30276652
517,,norriscarrie@fernandez.info,9117142720
518,,websterscott@yahoo.com,+91 3393306736
519,,itorres@white.biz,052-10497214
520,,hopkinsphilip@hotmail.com,042-34787396
521,,brownbrandon@davis-west.com,019-78400278
522,,william52@friedman.com,05082 535789
523,,juliechandler@gmail.com,+91 289 6301195
524,,noahhoward@hotmail.com,757837474
525,,williamsrachel@hicks.biz,026-34974374
526,,marshsandra@henderson.com,+91 064 3946714
527,,willie70@yahoo.com,+91 301 3441992
528,,sanchezeric@yahoo.com,+91 822 8064103
529,,fcole@yahoo.com,000-85596074
530,,breed@sanders-stanley.com,5528059973
531,,scottsutton@rodriguez.com,+91 4325724558
532,,brittanynolan@yahoo.com,+91 913 1466330
533,,tammy36@johnson.com,+91 8741143709
534,,heather35@gmail.com,831364418
535,,downswilliam@bennett.com,6763737582
536,,brittanyedwards@padilla.biz,+91 4324403245
537,,kwoodward@yahoo.com,7872826376
538,,darryl38@hotmail.com,05703 251522
539,,johnathanscott@gmail.com,07824 901310
540,,gomezjessica@williams.biz,007-40853827
541,,tball@wilson-warren.com,027-32025630
542,,johnsonwendy@yahoo.com,+91 951 2831466
543,,alexandrialong@berry.info,03046 183276
544,,mackenzie79@smith.biz,+91 6858086250
545,,frostmelinda@hotmail.com,+91 0367427309
546,,brittanyjohnson@watson.com,+91 613 0648413
547,,walshallison@luna.com,07123 435250
548,,lloyddamon@dunn.com,+91 7113124208
549,,vsmith@carrillo-chan.com,+91 524 7385870
550,,mcruz@mathews.com,+91 3059373780
551,,carlsonchristina@atkinson.info,07559 553997
552,,evelyn33@gmail.com,08489 114695
553,,christopherheath@gmail.com,06824 737933
554,,rhansen@yahoo.com,2406576737
555,,steven37@gmail.com,+91 8942916570
556,,wallann@livingston.com,07943 689544
557,,twhite@bauer.com,9352477941
558,,ydunn@yahoo.com,050-63214491
559,,zacharynelson@hawkins-garcia.org,2627464939
560,,markyoung@yahoo.com,+91 8870728910
561,,caitlin30@gmail.com,055-44791921
562,,kathleen98@hotmail.com,078-06476452
563,,andrea38@gmail.com,+91 394 3336747
564,,vcontreras@gmail.com,+91 4616158246
565,,vanessa60@beasley-snyder.com,4178380132
566,,stacey82@allen.com,+91 5221734238
567,,scottwoods@kelley.org,09547 748940
568,,rtaylor@hotmail.com,8844957697
569,,lhicks@yahoo.com,+91 701 7866132
570,,morganshane@gmail.com,011-79151419
571,,mitchell83@yahoo.com,019-50578309
572,,pcole@yahoo.com,+91 128 2016960
573,,robertcunningham@martinez-patterson.com,08105 665074
574,,shannonsamuel@cook-henderson.com,+91 146 7807280
575,,samanthamoore@gonzales.com,4864667379
576,,kimberlycochran@reyes-garcia.com,059-35090917
577,,rodriguezpatricia@hotmail.com,9895575804
578,,hamptonvictoria@hotmail.com,+91 6371513806
579,,simsrenee@hotmail.com,4272454461
580,,deanisaiah@smith.info,+91 518 3498257
581,,walkermelanie@king.com,+91 2963800856
582,,tnicholson@hotmail.com,+91 798 3205583
583,,bdawson@yahoo.com,04015 184580
584,,brian05@richards.com,03601 869483
585,,joshua79@bond.info,6625721400
586,,wardmonique@yahoo.com,03047 870547
587,,inelson@wright.com,+91 8154336344
588,,cassandrabaker@gomez.net,3340531512
589,,johnsonkevin@hotmail.com,094-10803152
590,,rebecca76@hotmail.com,067-33377481
591,,danielbanks@yahoo.com,5386749310
592,,jasminehoover@gmail.com,+91 796 9170548
593,,daviskristopher@yahoo.com,097-77056792
594,,ravengutierrez@hotmail.com,077-39185220
595,,sean07@gmail.com,+91 971 6648755
596,,arthur97@parsons-martin.info,+91 2631552666
597,,jamesyates@hotmail.com,+91 2116742014
598,,carterdouglas@baldwin.info,6158911820
599,,bradleyknight@yahoo.com,+91 5751391509
600,,turnerrobert@miranda.info,+91 601 8675349
601,,brewerluis@coleman-williamson.info,078-38934245
602,,suzanne12@johnson.com,+91 5292483719
603,,rocharyan@young.info,200539050
604,,robert85@olsen-roberts.info,+91 272 1671204
605,,russellpeterson@gmail.com,06765 354328
606,,emilyritter@gmail.com,6275839275
607,,michael19@bates.info,05728 050807
608,,jgonzalez@gmail.com,076-22229645
609,,alexander15@scott.com,017-66711698
610,,tina83@gmail.com,03710 456937
611,,robinanderson@henderson.com,019-89942878
612,,jennifer01@yahoo.com,06215 716762
613,,robin52@vaughn.com,5548227948
614,,charles09@hotmail.com,+91 142 5280489
615,,djones@davis.org,1594972925
616,,michaelcook@gmail.com,+91 428 2137992
617,,thomasdominguez@yahoo.com,036-55029403
618,,connie43@hotmail.com,061-47222762
619,,jblack@hodges-schmidt.com,012-03373120
620,,espinozarichard@gmail.com,005-88228105
621,,edwardhansen@black-malone.info,+91 649 0250384
622,,woodwarddaniel@stewart.com,6244678170
623,,gkelly@hotmail.com,+91 2014459111
624,,richardsonamanda@hotmail.com,+91 441 5137098
625,,gregory95@gmail.com,01196 188927
626,,adamdavis@parker-kelley.com,8717753853
627,,megangriffith@hotmail.com,093-89459659
628,,epruitt@washington.org,+91 510 8350422
629,,phernandez@hotmail.com,+91 788 2113216
630,,gpatterson@schwartz.info,07876 360666
631,,aarondavis@moore-kennedy.com,+91 475 5395888
632,,patriciaharvey@king.com,+91 7441321464
633,,jamesroberts@hernandez.com,070-88064100
634,,rogerperez@freeman-hatfield.com,053-20772720
635,,stevewilliams@walker.com,08158 834779
636,,loveeric@bailey-martin.biz,01695 688641
637,,daniel07@gmail.com,+91 9751463213
638,,christine39@peterson.com,06813 885667
639,,mark96@sweeney.com,7246333620
640,,antonioanderson@young.com,08182 535780
641,,douglas74@gmail.com,09253 500144
642,,danielmeyer@romero.info,+91 885 4610034
643,,richardphillips@leonard-clements.org,024-10431869
644,,pattersonryan@hotmail.com,087-75011550
645,,ddavis@hotmail.com,+91 5042974788
646,,stuart60@powell.com,09753 350398
647,,hdean@hotmail.com,+91 957 2008068
648,,danielle15@daniels.biz,01225 927047
649,,porterangela@hotmail.com,+91 7437599662
650,,jacksonalexander@johnston.com,7820230918
651,,vhatfield@gmail.com,+91 4230324257
652,,jamesadams@patterson.com,1107195561
653,,thompsonlaura@hotmail.com,097-51843991
654,,lwalker@hotmail.com,01218 234878
655,,angela18@tyler-stanley.org,09513 163849
656,,umarquez@robinson-hunter.com,+91 9074284294
657,,joshuaporter@butler.net,+91 6901895640
658,,staceybrown@hall.com,07710 784256
659,,april16@cooper-roberson.com,+91 768 0696811
660,,kelly15@norton-gutierrez.biz,+91 7369339444
661,,sharon61@reyes.org,+91 3867997254
662,,kelleramanda@hotmail.com,+91 283 1436698
663,,maureen71@mooney-thompson.net,049-44126412
664,,tanderson@yahoo.com,+91 092 5772184
665,,christophervaldez@gmail.com,+91 9719458071
666,,rperkins@smith.com,1123579939
667,,vasquezjoshua@mack-scott.com,010-65749461
668,,qedwards@gmail.com,+91 8432821740
669,,aaron50@velazquez.info,049-18272276
670,,xbrown@hotmail.com,674174912
671,,robertbyrd@hotmail.com,02035 115266
672,,downscatherine@yahoo.com,000-03708731
673,,collinsmatthew@hotmail.com,+91 8579598851
674,,gregory57@yahoo.com,06837 907853
675,,aschmidt@hotmail.com,+91 070 8693107
676,,lcolon@andrews.com,4978302309
677,,josegill@gmail.com,011-66165414
678,,flewis@wall.com,+91 710 3841493
679,,angelanelson@yahoo.com,+91 5377079004
680,,catherine53@green-christian.com,+91 8235910259
681,,yzavala@martin-carey.info,073-06641825
682,,whiteelizabeth@white.com,+91 381 3605179
683,,andersonjacqueline@soto.com,+91 5944182126
684,,christina44@hotmail.com,+91 3299559492
685,,jacobsonmatthew@johnson.org,07394 449610
686,,tararowe@hotmail.com,+91 774 9927290
687,,andre01@terrell.com,00764 737813
688,,jeffreyrowe@gmail.com,+91 672 2496859
689,,katrinajimenez@stafford.net,072-03244070
690,,katherine53@yahoo.com,5443776999
691,,matthew17@gmail.com,+91 9277104900
692,,ryan19@yahoo.com,+91 1577905298
693,,suzanne47@yahoo.com,+91 3660050461
694,,christopher42@peters.biz,+91 952 3374232
695,,sara92@hotmail.com,02442 403219
696,,jenniferrivas@white.com,9912621591
697,,michellejohnson@gmail.com,+91 270 4846762
698,,pricerichard@gmail.com,089-80967441
699,,zdorsey@yahoo.com,01250 744049
700,,timothy25@gmail.com,4646705804
701,,greenejohn@hotmail.com,+91 0816737933
702,,kgarcia@turner-burke.com,+91 637 7613287
703,,nduncan@houston.com,+91 032 8620990
704,,matthewmitchell@gillespie.com,+91 511 2320935
705,,kelsey14@hotmail.com,+91 076 0313501
706,,merrittallison@johnson.net,054-68063127
707,,kristen36@barnes.com,+91 7716730514
708,,jacksonmichael@gray.net,083-44213981
709,,rachelsmith@gmail.com,081-50533537
710,,kelliwilliams@baker.org,+91 8150244543
711,,dnewman@jones-perry.org,3055124543
712,,riddlejohn@pearson.com,061-02385564
713,,holmesjames@gmail.com,8182823770
714,,josephware@burke.net,+91 7825469404
715,,hickscaroline@atkins-washington.info,04856 702282
716,,pamelamartinez@vang.org,087-62384119
717,,jason97@hotmail.com,7245784548
718,,jacksonsharon@bell.com,+91 236 8545884
719,,berryjeffery@yahoo.com,9538442315
720,,millerjackie@yahoo.com,06675 781509
721,,bcarr@yahoo.com,+91 011 0852901
722,,thompsonjonathan@sanders.org,04138 769823
723,,keith88@roberts-smith.org,06519 664031
724,,shawn45@hatfield.com,06022 530749
725,,hgomez@gmail.com,+91 7243649030
726,,spencerjoshua@yahoo.com,+91 6095376688
727,,blake34@yahoo.com,091-09891003
728,,ismith@hotmail.com,+91 158 1631506
729,,andrewsmith@yahoo.com,1467749934
730,,kylie86@yahoo.com,1919127212
731,,wjohnson@martinez-brooks.info,087-74600449
732,,suarezmatthew@goodwin.org,06453 067300
733,,reidbrent@yahoo.com,093-65429795
734,,curtis60@yahoo.com,798116542
735,,tiffany67@sanchez.org,045-15330701
736,,heather70@gmail.com,009-19583441
737,,mark97@hotmail.com,030-04426244
738,,jessica24@hotmail.com,+91 321 2481073
739,,hpope@gmail.com,012-29502012
740,,alicia02@johnston.com,9763192892
741,,smithlindsey@gmail.com,+91 4397404895
742,,kellydanielle@gmail.com,+91 0270160013
743,,nicoleryan@freeman-rose.com,01803 899788
744,,amy90@williams.com,+91 514 5077634
745,,mary73@gmail.com,047-40253193
746,,asmith@miller.com,6437776257
747,,mbond@collins-carroll.com,4736291125
748,,lpacheco@yahoo.com,+91 259 9061827
749,,haydenstephen@gmail.com,+91 4128500199
750,,chelseawalters@hess-contreras.com,+91 1845189959
751,,thomascraig@griffin-day.com,05648 353833
752,,jennifer40@schneider.com,07820 016541
753,,hcarpenter@gmail.com,004-63280445
754,,heather24@jimenez.org,+91 167 6597429
755,,dillonmacdonald@gmail.com,+91 3254395695
756,,gravesangela@gardner.org,035-50073403
757,,joseph00@thompson.com,077-79957526
758,,arellanobrian@perez.com,+91 1171847230
759,,mthompson@hotmail.com,052-87812881
760,,timothy25@edwards.info,023-78571302
761,,isteele@gmail.com,+91 9578062030
762,,marymiller@hotmail.com,+91 7152653822
763,,otaylor@johnson.org,+91 6916743876
764,,markrhodes@hernandez.org,+91 3791887323
765,,jacob26@yahoo.com,04149 263088
766,,davidpierce@gmail.com,+91 1946820097
767,,robertdyer@yahoo.com,04397 881892
768,,christine05@parrish.com,051-04874940
769,,hessmichael@gmail.com,+91 679 7618659
770,,freemanrichard@robinson.com,03420 910552
771,,karen54@mata.com,018-42974091
772,,timothyfreeman@hickman-cruz.org,084-61297487
773,,qstephenson@fowler.biz,3522840846
774,,jennifercarter@smith.biz,+91 155 0136733
775,,nicole92@norman.net,+91 9866395167
776,,sandovalralph@gmail.com,017-10051849
777,,bakertonya@gmail.com,+91 8547095222
778,,bennettlori@hotmail.com,5978392191
779,,keithbullock@gmail.com,777776902
780,,stephaniehicks@chambers.com,+91 3856366321
781,,szimmerman@moore.info,+91 4411704751
782,,shawn78@porter-butler.com,001-37844070
783,,jacobslisa@trevino-poole.com,+91 383 3504562
784,,nataliejones@hotmail.com,+91 2950076622
785,,xthomas@cordova.com,04205 898551
786,,shannonmanning@gmail.com,069-69184678
787,,bobbyjackson@travis.net,07546 087308
788,,michelleobrien@gmail.com,00591 559228
789,,matthew80@wise.biz,+91 178 4437084
790,,cassandraclayton@roberts.org,09651 156331
791,,holmesbreanna@yahoo.com,5103774664
792,,klong@hotmail.com,+91 224 7039010
793,,myersjulie@hotmail.com,003-16134869
794,,donald21@hotmail.com,+91 2899246820
795,,sandra64@hotmail.com,036-24693519
796,,evan50@wheeler-jones.com,+91 1861941965
797,,hbrown@yahoo.com,+91 716 8353801
798,,ovega@gmail.com,4616057858
799,,wknox@hotmail.com,3516264960
800,,ksandoval@hotmail.com,04543 203546
801,,yortega@yahoo.com,+91 492 4278601
802,,frankhernandez@mahoney.com,+91 8473148295
803,,juliefrench@lane.org,+91 6895199078
804,,ivillanueva@mosley.net,+91 386 9762545
805,,allisonblair@walker-johnson.com,+91 745 5209770
806,,cking@smith-johnson.biz,047-63412194
807,,jeffrey37@moore.info,019-22515853
808,,samuel73@hotmail.com,+91 2772841219
809,,analopez@rosales.com,043-17533149
810,,evansbrian@hunter-hill.com,+91 2096976512
811,,yking@yahoo.com,3870891898
812,,oconnorchristine@marshall-adams.org,4546613414
813,,contreraskayla@owens.com,+91 414 2425012
814,,stevenjones@yahoo.com,047-97382976
815,,alicia24@hotmail.com,247156819
816,,gfreeman@gmail.com,096-42377434
817,,dawn66@kent.com,3673661280
818,,lterry@brewer.net,9666114756
819,,john59@terry-herring.com,+91 0030422463
820,,kimberly66@dixon.com,+91 024 1508038
821,,julia09@yahoo.com,+91 3191390060
822,,kellyashley@gmail.com,061-16377789
823,,landersen@yahoo.com,+91 0330148514
824,,bryan33@gmail.com,+91 5472458939
825,,nathansmith@wright.com,08144 837349
826,,beckerjimmy@andersen.net,3475466940
827,,phooper@hotmail.com,+91 110 5901941
828,,levans@whitney.net,+91 2058460148
829,,deborah71@hotmail.com,+91 730 6917534
830,,daviserin@gibson.com,082-44981233
831,,nelsonrobert@caldwell.com,094-45850643
832,,andrewsjames@schneider.com,+91 1041036199
833,,williamspaul@yahoo.com,2351799847
834,,jonathan79@gmail.com,+91 3713826501
835,,ewelch@gardner-adams.net,5188428594
836,,patrickmarshall@hughes.com,035-99044016
837,,michaelmartinez@austin.com,7349588308
838,,duaneramirez@jones.net,041-79669063
839,,steven60@brown.com,008-94529174
840,,igarcia@gmail.com,+91 3366616446
841,,lopezsara@yahoo.com,02201 131915
842,,sandymurray@knapp.com,+91 4451538950
843,,brianwolfe@gmail.com,+91 843 6220535
844,,travisedward@gmail.com,014-00432169
845,,baldwinkathryn@yahoo.com,+91 0225360569
846,,pittmanteresa@pierce.com,3245166192
847,,courtneymorrow@dawson-taylor.com,6617933176
848,,opage@gmail.com,6462702867
849,,barnescourtney@yahoo.com,8012927701
850,,qporter@hernandez.info,+91 546 1157395
851,,ostanley@garcia-jacobs.com,046-77759601
852,,olsenrodney@gmail.com,019-59485132
853,,bpage@yahoo.com,+91 568 9260606
854,,gonzalezalicia@maldonado.biz,+91 8866126954
855,,michaeljackson@gomez-lawrence.org,00090 816935
856,,mwashington@morton.com,+91 2293543611
857,,hintonwilliam@bailey.com,01902 242745
858,,natalie60@white.com,4518327753
859,,salinasnancy@yahoo.com,9691672270
860,,julie12@wilson-weaver.com,+91 0522975978
861,,katelyncollins@wallace-becker.biz,8473592993
862,,daniel42@martinez.com,+91 209 5249898
863,,alisha12@blevins.biz,+91 7896233742
864,,michelle60@johnson-baker.net,+91 0513175763
865,,nunezwilliam@yahoo.com,+91 6454894526
866,,qmartinez@yahoo.com,06624 807752
867,,nzavala@flores-reed.com,+91 5665540361
868,,kennedykyle@perez.info,+91 642 2766418
869,,natalie63@gmail.com,+91 6264716481
870,,khansarah@fuentes.com,077-26896754
871,,stevenskarl@meyers.com,4913784163
872,,sfisher@yahoo.com,+91 866 9523750
873,,psanders@sanders.com,5984620163
874,,hmendez@hotmail.com,+91 394 2057159
875,,richardsonhannah@yahoo.com,+91 4695014980
876,,kathy76@yahoo.com,034-27719482
877,,jennifer25@hotmail.com,+91 953 6116689
878,,mitchelljacob@hotmail.com,+91 481 8522547
879,,diane71@martin-white.info,04783 922685
880,,mooremichelle@hotmail.com,01177 708553
881,,jcline@johnson.info,+91 574 7917140
882,,brianna93@gmail.com,+91 985 7974264
883,,vcameron@gmail.com,04756 651443
884,,melissa29@hotmail.com,02971 535958
885,,brobbins@hotmail.com,9403591926
886,,nataliedixon@anthony-sparks.org,+91 029 4062351
887,,michelle07@dixon-fuentes.org,+91 395 1001895
888,,richardstein@walker.com,+91 867 5014405
889,,melissanewman@gmail.com,+91 987 1288687
890,,amber50@wright.com,+91 6028298388
891,,lauren99@yahoo.com,054-52920016
892,,markhart@gmail.com,009-27066626
893,,lware@yahoo.com,+91 9467469550
894,,mark14@gmail.com,04817 723680
895,,timothy84@mcguire-davis.com,+91 1249347745
896,,wjohnson@hotmail.com,+91 332 4464719
897,,kelli81@hotmail.com,048-10617768
898,,brendasmith@anderson.com,+91 3111007618
899,,tkane@hotmail.com,016-55764332
900,,twiley@hanson-foley.com,+91 7172116535
901,,batesmatthew@randall.info,054-08506603
902,,tammy29@le-henry.com,010-18284056
903,,ldixon@fields-mckee.com,707819970
904,,danielgonzales@gmail.com,+91 8658983600
905,,ucampbell@reed.info,029-22572350
906,,marybaker@david.biz,+91 0301815815
907,,pmay@gmail.com,091-21030122
908,,bradshawtracie@thompson.com,09965 862391
909,,youngkristen@green.com,04145 458344
910,,blankenshipmark@hotmail.com,+91 0325814645
911,,kmarquez@campbell.com,8815317449
912,,bbrown@yahoo.com,030-81886056
913,,blucas@garcia.com,+91 535 2430608
914,,yvalencia@yahoo.com,+91 503 3677703
915,,shane44@hutchinson.com,+91 822 4824869
916,,lisagray@thomas-black.com,+91 6779742047
917,,erivera@bartlett.org,00859 887760
918,,april12@yahoo.com,+91 9630529061
919,,thomasryan@jenkins.com,5165112263
920,,bgoodwin@munoz.biz,+91 255 3217724
921,,lkennedy@yahoo.com,085-26361485
922,,lisamiller@hamilton.org,+91 9714539421
923,,dennissamuel@guerrero-ortiz.com,09951 838032
924,,nweaver@gmail.com,051-71773361
925,,youngdamon@hotmail.com,6148682243
926,,hhubbard@valenzuela-murphy.com,06357 060521
927,,gonzalezcourtney@simmons-clark.biz,03191 745356
928,,joseroberts@aguilar.com,+91 8364052630
929,,xespinoza@hotmail.com,+91 738 0254142
930,,darinnunez@hotmail.com,+91 489 4412042
931,,hpage@booth-keller.com,071-27852965
932,,jonesjoel@hotmail.com,338918273
933,,odomregina@gmail.com,01710 360543
934,,edavis@yahoo.com,+91 255 7670706
935,,marilynroy@yahoo.com,+91 149 9714194
936,,uking@gmail.com,031-58540061
937,,erinsuarez@hotmail.com,6423394760
938,,shannonlawson@villa.com,016-49096813
939,,tpreston@fields.com,9161944954
940,,william36@skinner.com,+91 9032017618
941,,gravesjames@gmail.com,+91 9150626498
942,,nancy82@yahoo.com,06039 680331
943,,matthewmorton@green.com,3337807280
944,,perezjoshua@carter.com,+91 3529630288
945,,diana21@kramer.com,05621 947889
946,,linda31@hotmail.com,078-28807822
947,,michaeljames@hotmail.com,7354777731
948,,nlong@saunders.biz,+91 6679758839
949,,mitchellwatson@greene-white.biz,7933211342
950,,jennifersmith@galloway-garcia.com,024-68510846
951,,wellsgary@gmail.com,+91 267 3602750
952,,dana14@gmail.com,+91 9484130016
953,,leachrachel@werner.info,+91 7700491274
954,,medinadaniel@bean.biz,9295838982
955,,gpotter@hotmail.com,07126 923836
956,,rcamacho@yahoo.com,+91 319 3561572
957,,elizabeth54@smith-edwards.net,6352857734
958,,qsmith@yahoo.com,+91 3994568141
959,,gregoryjenkins@davenport.com,+91 617 5966090
960,,thomasdaniel@hotmail.com,+91 973 4396728
961,,wsmith@hotmail.com,06927 420836
962,,rebeccaduncan@hotmail.com,+91 5943409357
963,,gordonadam@gmail.com,00362 307510
964,,mitchellkim@graves.com,+91 6448690843
965,,keithhamilton@edwards-vega.com,023-22582160
966,,kevin40@miller.info,+91 095 0170756
967,,kwatson@miller.com,+91 1897558801
968,,james85@hotmail.com,06991 335972
969,,valdezpatricia@barber-powell.com,00735 946610
970,,ericgreene@jackson.com,5966213183
971,,joanneclark@hanson.com,2727625136
972,,patrick60@hotmail.com,085-25492091
973,,randymartin@yahoo.com,04950 260281
974,,pstephens@hotmail.com,+91 056 6538979
975,,iherrera@thomas.com,07790 554740
976,,janice65@martin-valencia.com,06515 597400
977,,timothytorres@hotmail.com,+91 583 0340505
978,,jeremy27@hotmail.com,9147410454
979,,brenda58@patton.info,05491 526393
980,,mhurst@baker.biz,066-52999224
981,,angelicakidd@hotmail.com,+91 0708417373
982,,bendersteven@andrews.org,03613 045472
983,,michaelmiller@hotmail.com,044-01381675
984,,lewisscott@goodwin.com,01500 008974
985,,tbennett@yahoo.com,+91 9425749224
986,,lindsey41@ballard.org,09793 376636
987,,ericowen@davis.org,+91 7882816608
988,,jacob56@hotmail.com,+91 4215040318
989,,sday@buck.com,01681 343033
990,,lescobar@yahoo.com,03611 280882
991,,wblack@hotmail.com,5695480767
992,,christinawilliams@taylor.biz,+91 180 1446003
993,,briangarcia@hotmail.com,+91 926 0005623
994,,garypowers@parker-sutton.com,7566677730
995,,kevin83@gmail.com,+91 829 5161864
996,,zberry@hotmail.com,+91 652 0451711
997,,cpugh@yahoo.com,006-47174441
998,,davisjose@schultz.biz,+91 857 9413074
999,,xriley@gmail.com,00645 192093
